csa_name_mod2,company_id,company_name,shift_lead_time_fs,head_count_requested_fs,head_count_worked_fs,fill_rate_fs,total_shifts_f30d,total_head_count_minus_fs,total_head_count_minus_f30d,year_quarter_comp_start,head_count_worked_f30d,head_count_requested_f30d,fill_rate_f30d,shifts_worked_f30d,avg_days_between_shifts_f30d
All Other Markets Combined,1458,Slogaway LLC,3,2,1,0.5,1,0,0,2022Q3,1,2,0.5,1,
"Dallas-Fort Worth, TX-OK",1505,Pronto Delivery,5,1,1,1,18,27,10,2022Q4,18,18,1,18,1.7059
"Las Vegas-Henderson, NV",1992,Trailhound Smoker's BBQ,14,8,10,1.25,1,4,-68,2022Q3,10,80,0.125,1,
"Salt Lake City-Provo-Orem, UT",2050,Magic Man Junk Removal,4,2,2,1,1,3,1,2023Q2,2,4,0.5,1,
All Other Markets Combined,2440,Sloppy Crab,3,1,1,1,10,46,7,2023Q2,14,40,0.35,10,1.8889
All Other Markets Combined,2721,Willie Fun Events,1,2,2,1,1,0,-2,2022Q3,2,4,0.5,1,
"Dallas-Fort Worth, TX-OK",2957,Evo Logistics,15,1,1,1,2,3,2,2023Q1,2,2,1,2,1
"Dallas-Fort Worth, TX-OK",3007,e3 events,7,6,6,1,2,3,-36,2022Q3,9,45,0.2,2,2
"Salt Lake City-Provo-Orem, UT",3015,Lionheart Enterprises,2,4,5,1.25,17,125,-568,2023Q1,94,697,0.1349,17,1.1875
"Dallas-Fort Worth, TX-OK",3157,Paul Davis Restoration of North Dallas,1,4,5,1.25,30,108,-140,2023Q1,79,252,0.3135,30,0.8276
"Dallas-Fort Worth, TX-OK",3184,Savory Catering,2,2,2,1,1,5,3,2022Q3,2,4,0.5,1,
"Dallas-Fort Worth, TX-OK",3286,Renewance Inc.,3,3,2,0.6667,26,94,0,2023Q2,47,97,0.4845,26,1.12
"Las Vegas-Henderson, NV",3416,Nectar Bath Treats,4,2,3,1.5,9,18,-36,2022Q4,25,56,0.4464,9,1.25
All Other Markets Combined,3436,Target Field,9,7,5,0.7143,1,2,-26,2022Q4,5,35,0.1429,1,
All Other Markets Combined,3512,Carroll Trucking,2,3,3,1,2,6,-9,2022Q4,6,18,0.3333,2,18
All Other Markets Combined,3642,Figs and Honey Catering,1,1,1,1,2,1,0,2022Q3,2,2,1,2,1
All Other Markets Combined,3695,Helping Hand Home Buyers,2,3,2,0.6667,1,0,-3,2022Q3,2,6,0.3333,1,
All Other Markets Combined,3893,Junk King Tucson,11,2,3,1.5,2,2,-6,2022Q4,5,10,0.5,2,1
"Dallas-Fort Worth, TX-OK",3930,The quixotic world magical event space,11,2,2,1,2,3,0,2022Q3,3,5,0.6,2,6
All Other Markets Combined,3931,Green Vortex Solutions ,7,2,2,1,2,7,1,2023Q1,4,8,0.5,2,2
All Other Markets Combined,4006,Messner Landscape Inc.,8,1,1,1,1,0,0,2022Q4,1,1,1,1,
All Other Markets Combined,4042,BRIE cater,16,2,1,0.5,1,0,0,2022Q4,1,2,0.5,1,
All Other Markets Combined,4114,D. Brian's Kitchen & Catering,4,1,1,1,11,12,2,2023Q2,11,11,1,11,1.5
All Other Markets Combined,4127,Fades of Glory,0,1,1,1,12,11,0,2022Q3,12,12,1,12,1.5455
"Dallas-Fort Worth, TX-OK",4207,ProBuilt Tools Inc,5,2,1,0.5,8,12,0,2022Q3,8,14,0.5714,8,1.2857
All Other Markets Combined,4225,Dave & Buster's - Nashville,16,2,1,0.5,89,947,785,2022Q3,118,164,0.7195,89,0.0682
"Dallas-Fort Worth, TX-OK",4225,Dave & Buster's - Nashville,16,2,1,0.5,89,947,785,2022Q3,118,164,0.7195,89,0.0682
"Dallas-Fort Worth, TX-OK",4235,Buzz Print,1,1,1,1,6,221,216,2022Q4,6,6,1,6,1.4
All Other Markets Combined,4237,Archangel Services LLC,2,1,1,1,2,3,2,2022Q3,2,2,1,2,6
"Salt Lake City-Provo-Orem, UT",4238,Carlson Distributing,43,2,2,1,6,9,-4,2022Q3,8,15,0.5333,6,1.2
All Other Markets Combined,4242,TSO Products,6,1,1,1,19,61,43,2023Q1,19,19,1,19,1.6111
All Other Markets Combined,4248,American Printing Company,82,1,1,1,9,10,2,2022Q3,9,9,1,9,2.875
"Dallas-Fort Worth, TX-OK",4274,Zealous Mercantile Co.,3,1,1,1,3,3,1,2022Q3,3,3,1,3,5
All Other Markets Combined,4278,The Wedding Plan,10,1,1,1,1,0,0,2022Q4,1,1,1,1,
All Other Markets Combined,4280,"Electric Surges, LLC",1,1,2,2,1,0,-1,2022Q3,2,2,1,1,
All Other Markets Combined,4311,DC RESTORATION,1,3,1,0.3333,3,143,135,2022Q3,5,11,0.4545,3,2
"Salt Lake City-Provo-Orem, UT",4313,"AJS Carpet Cleaning, Inc.",4,1,1,1,5,26,22,2022Q3,5,5,1,5,1
All Other Markets Combined,4332,White Eagle Golf Club,1,3,3,1,1,0,-6,2022Q3,3,9,0.3333,1,
All Other Markets Combined,4337,Frank's Manufacturing Co,7,2,1,0.5,17,120,76,2022Q3,24,46,0.5217,17,1.8125
"Salt Lake City-Provo-Orem, UT",4348,Concord Homes - Eagle Mountain,6,2,2,1,19,88,42,2022Q3,29,48,0.6042,19,1.6111
"Las Vegas-Henderson, NV",4353,Black Mountain Fulfillment,2,1,1,1,22,84,44,2022Q3,29,41,0.7073,22,1.2857
"Salt Lake City-Provo-Orem, UT",4355,SSS Offroad,5,1,1,1,4,3,0,2022Q3,4,4,1,4,5
All Other Markets Combined,4366,1-800 WATER DAMAGE of South Side Chicago,1,1,1,1,6,19,8,2023Q1,8,12,0.6667,6,3.8
"Salt Lake City-Provo-Orem, UT",4371,Pacificolor,48,1,1,1,9,44,33,2022Q3,11,12,0.9167,9,3
"Salt Lake City-Provo-Orem, UT",4375,Panther Security,3,25,25,1,18,540,-5387,2022Q3,239,5952,0.0402,18,1.5882
"Salt Lake City-Provo-Orem, UT",4377,Corner Bakery Orem,1,1,1,1,5,42,35,2022Q3,6,8,0.75,5,2
All Other Markets Combined,4383,Scandinavian Designs Corporate,6,2,3,1.5,22,267,193,2022Q3,38,76,0.5,22,1.2857
"Dallas-Fort Worth, TX-OK",4385,Tex-Sun Shade Specialties Inc.,14,3,2,0.6667,13,46,-1,2022Q3,21,50,0.42,13,1.8333
All Other Markets Combined,4386,Wedding Elegance by Design,1,2,3,1.5,1,0,-4,2022Q3,3,6,0.5,1,
All Other Markets Combined,4387,Designers Warehouse Services,4,1,1,1,10,19,2,2022Q3,11,18,0.6111,10,1.1111
All Other Markets Combined,4390,Trave'z Remodeling Crew,0,1,1,1,23,22,0,2022Q3,23,23,1,23,0
"Salt Lake City-Provo-Orem, UT",4391,WEBB Productions,5,2,2,1,12,1462,1388,2022Q3,25,76,0.3289,12,2.4545
All Other Markets Combined,4392,Vinayaka Hospitality,1,2,1,0.5,2,2,0,2022Q3,2,4,0.5,2,2
"Las Vegas-Henderson, NV",4402,Foodie Fit,3,4,4,1,118,4564,3811,2022Q3,221,757,0.2919,118,0.0171
All Other Markets Combined,4403,MSP Design Group,6,4,3,0.75,6,17,-52,2022Q4,17,73,0.2329,6,0.4
"Las Vegas-Henderson, NV",4404,Catering with Rochelle,12,2,2,1,4,14,3,2022Q3,7,13,0.5385,4,0.3333
All Other Markets Combined,4418,Town Point Club,3,1,1,1,1,926,926,2022Q3,1,1,1,1,
All Other Markets Combined,4431,Go Fix Mobile,11,1,1,1,1,1,1,2022Q3,1,1,1,1,
All Other Markets Combined,4433,1-800 Water Damage VB,2,2,2,1,1,29,27,2022Q3,2,4,0.5,1,
All Other Markets Combined,4436,Mitchell Metal Products,4,2,1,0.5,2,2,0,2022Q3,2,4,0.5,2,1
All Other Markets Combined,4439,Dog House Diner,2,1,1,1,2,1,0,2022Q3,2,2,1,2,1
"Dallas-Fort Worth, TX-OK",4444,Argent Associates,4,1,1,1,3,2,0,2022Q3,3,3,1,3,1
"Dallas-Fort Worth, TX-OK",4455,Chef at Your Service,4,2,3,1.5,1,3,-1,2022Q4,3,6,0.5,1,
All Other Markets Combined,4459,J. N. King Lawn Care,2,2,2,1,4,25,16,2022Q3,6,11,0.5455,4,4.3333
"Dallas-Fort Worth, TX-OK",4465,Silicone Specialties Inc,3,1,1,1,1,1,1,2022Q3,1,1,1,1,
All Other Markets Combined,4471,Mintahoe Catering & Events,15,1,1,1,1,2,2,2022Q3,1,1,1,1,
All Other Markets Combined,4477,Bridging Roseville,6,1,1,1,18,394,337,2022Q3,30,58,0.5172,18,1.7059
"Salt Lake City-Provo-Orem, UT",4478,Professional Yard Services,1,1,1,1,1,0,0,2022Q3,1,1,1,1,
"Dallas-Fort Worth, TX-OK",4479,Hackbarth Delivery Service,5,1,1,1,20,255,218,2022Q3,27,38,0.7105,20,1.2632
"Dallas-Fort Worth, TX-OK",4481,1-800 Water Damage - Dallas,5,3,3,1,4,51,8,2022Q3,14,46,0.3043,4,1
All Other Markets Combined,4482,Fairfield Nashville MetroCenter,2,3,3,1,23,55,4,2022Q3,32,54,0.5926,23,1.1364
All Other Markets Combined,4484,Main Stream Events and PR Firm,3,1,1,1,1,0,0,2022Q3,1,1,1,1,
"Salt Lake City-Provo-Orem, UT",4485,Thomas Cuisine - Utah (ARUP),5,2,2,1,24,275,247,2022Q3,26,30,0.8667,24,1.087
All Other Markets Combined,4490,Hammerbrush Restoration,2,1,1,1,1,0,0,2022Q3,1,1,1,1,
"Las Vegas-Henderson, NV",4495,Braud's Funnel Cake Cafe',2,1,1,1,1,1,1,2022Q3,1,1,1,1,
"Salt Lake City-Provo-Orem, UT",4498,Ridley's Family Markets - Midway,4,2,3,1.5,15,99,45,2022Q3,29,56,0.5179,15,1.9286
All Other Markets Combined,4498,Ridley's Family Markets - Midway,4,2,3,1.5,15,99,45,2022Q3,29,56,0.5179,15,1.9286
All Other Markets Combined,4510,Premier Appliance,1,4,1,0.25,11,17,-24,2022Q3,21,45,0.4667,11,0.9
All Other Markets Combined,4519,EP Event Rentals/Elegant Presentations,21,2,1,0.5,3,119,115,2022Q3,3,6,0.5,3,7.5
All Other Markets Combined,4520,Shamrock Foods Corporate,41,15,4,0.2667,1,20,-25,2022Q3,4,60,0.0667,1,
"Salt Lake City-Provo-Orem, UT",4522,Jenkins Restorations - San Antonio,1,3,3,1,16,158,42,2023Q2,41,119,0.3445,16,1.8
All Other Markets Combined,4523,Southern Landscape Designs,0,2,1,0.5,4,9,1,2022Q3,5,10,0.5,4,7
All Other Markets Combined,4527,Madison Window Cleaning,19,2,1,0.5,2,2,0,2022Q3,2,4,0.5,2,0
All Other Markets Combined,4530,Lykes Cartage,6,1,1,1,1,0,0,2022Q3,1,1,1,1,
All Other Markets Combined,4537,Re-Creation Home Staging & Redesign LLC,1,1,1,1,1,4,4,2022Q3,1,1,1,1,
"Salt Lake City-Provo-Orem, UT",4538,GreenHollow Catering,9,1,3,3,2,3,-3,2022Q3,5,7,0.7143,2,7
"Dallas-Fort Worth, TX-OK",4548,Hawkboyz Moving LLC,1,1,1,1,3,3,1,2022Q3,3,3,1,3,7
All Other Markets Combined,4549,Medina golf and country club,3,1,1,1,28,147,117,2022Q3,30,31,0.9677,28,1
All Other Markets Combined,4555,Heco Sling Corp,8,1,1,1,5,4,0,2022Q3,5,5,1,5,1.75
All Other Markets Combined,4556,MODERN EVENT RENTAL,12,4,1,0.25,1,0,0,2022Q3,1,4,0.25,1,
All Other Markets Combined,4557,Aramark Tucson,48,50,25,0.5,5,350,-4312,2022Q3,101,4712,0.0214,5,6.75
"Dallas-Fort Worth, TX-OK",4562,Pegasus Industries,1,2,2,1,49,1340,1240,2022Q3,67,102,0.6569,49,0.375
"Dallas-Fort Worth, TX-OK",4564,Game Nerdz,1,2,3,1.5,35,515,-234,2022Q3,108,751,0.1438,35,0.6471
"Las Vegas-Henderson, NV",4565,SainStore,30,1,1,1,2,122,121,2022Q3,2,2,1,2,5
All Other Markets Combined,4569,Bridging Bloomington,4,1,1,1,19,232,163,2022Q3,36,70,0.5143,19,1.5556
All Other Markets Combined,4570,NoteWorthy Warehousing & Logistics,1,1,2,2,1,9,8,2022Q3,2,2,1,1,
All Other Markets Combined,4572,Naturissimo,7,2,1,0.5,2,3,2,2022Q3,2,3,0.6667,2,1
"Salt Lake City-Provo-Orem, UT",4574,All City Event Rentals,1,4,5,1.25,11,49,-209,2022Q3,46,262,0.1756,11,0.6
"Salt Lake City-Provo-Orem, UT",4576,Gabb Wireless,4,7,7,1,24,329,-1155,2022Q3,166,1491,0.1113,24,1.2609
All Other Markets Combined,4579,Tablescapes Event Rentals,7,2,2,1,24,60,7,2022Q3,32,55,0.5818,24,1.087
All Other Markets Combined,4581,Farmer Frank's,1,1,1,1,2,3,2,2022Q3,2,2,1,2,1
"Dallas-Fort Worth, TX-OK",4583,Little Bipsy,4,3,4,1.3333,4,12,-27,2022Q3,14,42,0.3333,4,1
All Other Markets Combined,4590,1-800 WATER DAMAGE (Detroit),1,2,2,1,4,6,1,2022Q3,5,7,0.7143,4,1.6667
"Las Vegas-Henderson, NV",4593,FreshWata LLC,6,4,4,1,12,942,462,2022Q3,80,484,0.1653,12,2.5455
All Other Markets Combined,4611,Cryomaxusa,3,1,1,1,10,22,3,2022Q3,14,20,0.7,10,3.2222
"Salt Lake City-Provo-Orem, UT",4620,MityLite,5,3,3,1,3,388,377,2022Q3,6,14,0.4286,3,7
All Other Markets Combined,4621,Portal Warehousing Tempe,10,1,1,1,1,8,8,2022Q3,1,1,1,1,
All Other Markets Combined,4624,Impressive Home Staging,16,1,1,1,1,72,72,2022Q3,1,1,1,1,
"Dallas-Fort Worth, TX-OK",4628,"DOT IT RESTAURANT FULFILLMENT, LLC",2,4,4,1,36,246,-8,2022Q3,88,258,0.3411,36,0.8286
All Other Markets Combined,4631,Honey Baked Ham (Buford),102,4,2,0.5,8,48,-128,2022Q4,33,180,0.1833,8,0.5714
All Other Markets Combined,4636,Honey Baked Ham (Alpharetta),11,3,3,1,1,0,-6,2022Q4,3,9,0.3333,1,
All Other Markets Combined,4642,Point Burger Bar- Pewaukee,3,2,2,1,3,4,-8,2022Q3,7,14,0.5,3,1
"Salt Lake City-Provo-Orem, UT",4643,Healthdrop Manufacturing,5,2,1,0.5,2,3,2,2022Q3,2,3,0.6667,2,1
"Salt Lake City-Provo-Orem, UT",4649,"RRR Metals, Inc",4,2,2,1,3,8,-2,2022Q3,6,12,0.5,3,1
All Other Markets Combined,4651,Hilton Nashville Green Hills,20,1,1,1,26,46,20,2022Q3,27,27,1,26,0.96
All Other Markets Combined,4652,Golden Valley Wholesale,5,4,2,0.5,11,110,44,2022Q3,17,70,0.2429,11,2.6
"Dallas-Fort Worth, TX-OK",4658,Guaranteed Express Inc,1,1,1,1,6,18,13,2022Q3,6,6,1,6,5.6
All Other Markets Combined,4659,Jo's Traveling Bar,36,1,1,1,6,10,-6,2022Q3,8,17,0.4706,6,0
All Other Markets Combined,4660,The Workman Company,2,2,1,0.5,8,13,6,2022Q3,8,9,0.8889,8,3.2857
All Other Markets Combined,4663,Holistic Freedom Institute,3,1,1,1,6,9,4,2022Q3,6,6,1,6,5.6
All Other Markets Combined,4666,Sweet Classics Concessions,9,4,3,0.75,19,55,-61,2022Q3,34,120,0.2833,19,0.2222
"Las Vegas-Henderson, NV",4670,The Only Bean,2,3,2,0.6667,2,23,8,2022Q4,5,18,0.2778,2,3
All Other Markets Combined,4675,OurPro,1,1,1,1,1,1,1,2022Q3,1,1,1,1,
All Other Markets Combined,4678,Premium Oilfield,1,2,1,0.5,7,7,-2,2022Q3,8,11,0.7273,7,1
"Dallas-Fort Worth, TX-OK",4680,All Metals Fabricating,7,2,2,1,57,114,40,2022Q3,63,76,0.8289,57,0.2679
All Other Markets Combined,4681,San Antonio Missions Baseball,8,5,3,0.6,33,133,-96,2022Q3,66,234,0.2821,33,0.5313
"Salt Lake City-Provo-Orem, UT",4685,Sushi Sensei,2,1,2,2,3,6,3,2022Q3,4,4,1,3,10.5
All Other Markets Combined,4687,Foundation Supportworks of Idaho,2,2,1,0.5,2,5,4,2022Q3,2,3,0.6667,2,1
All Other Markets Combined,4694,Applewood Coney Island,1,1,1,1,1,0,0,2022Q3,1,1,1,1,
"Dallas-Fort Worth, TX-OK",4695,Millennium Distribution DFW,6,2,1,0.5,23,48,0,2022Q3,33,50,0.66,23,1
"Dallas-Fort Worth, TX-OK",4699,STRUCTURED CABLE PRODUCTS,0,1,2,2,20,327,297,2022Q3,24,31,0.7742,20,1.4211
All Other Markets Combined,4709,Marty's Pizza Delafield,12,3,2,0.6667,16,105,69,2022Q3,21,39,0.5385,16,1.6
All Other Markets Combined,4712,Alpla Houston,5,1,1,1,13,13,1,2022Q3,13,13,1,13,1.6667
All Other Markets Combined,4726,Budreck Truck Lines,7,4,1,0.25,5,32,22,2022Q3,6,14,0.4286,5,2
"Dallas-Fort Worth, TX-OK",4728,CRD Events,5,2,2,1,1,3,1,2022Q3,2,4,0.5,1,
All Other Markets Combined,4734,Garage Door Team LLC,0,1,1,1,1,0,0,2022Q3,1,1,1,1,
"Dallas-Fort Worth, TX-OK",4742,"Absolute Touch Cleaning and Organizing, LLC",6,1,1,1,1,0,0,2022Q3,1,1,1,1,
"Salt Lake City-Provo-Orem, UT",4748,Sterling ATM,5,2,2,1,25,82,19,2022Q3,33,65,0.5077,25,0.9167
All Other Markets Combined,4753,Fetch Package - Nashville,1,2,4,2,39,223,-26,2022Q3,98,251,0.3904,39,0.7632
"Las Vegas-Henderson, NV",4754,PME Community Services,1,1,1,1,4,8,4,2022Q4,4,5,0.8,4,6
All Other Markets Combined,4755,Unicorn Tire,5,1,1,1,1,0,0,2022Q3,1,1,1,1,
"Salt Lake City-Provo-Orem, UT",4756,American Marketing Inc.,2,1,1,1,3,3,0,2022Q3,3,4,0.75,3,2
All Other Markets Combined,4761,Strategic Filtration,2,1,1,1,1,1,1,2022Q3,1,1,1,1,
"Salt Lake City-Provo-Orem, UT",4765,SMPL Manufacturing,0,5,3,0.6,2,45,-21,2022Q3,10,71,0.1408,2,2
"Salt Lake City-Provo-Orem, UT",4770,Hales Logistics,1,1,1,1,15,111,97,2022Q3,15,15,1,15,1.9286
"Las Vegas-Henderson, NV",4771,Central Valley Silver State Specialists- TruTeam Las Vegas,6,2,3,1.5,7,36,-8,2022Q3,20,46,0.4348,7,4.6667
All Other Markets Combined,4773,"Dugout Sports, LLC",5,1,1,1,2,1,0,2022Q3,2,2,1,2,1
"Salt Lake City-Provo-Orem, UT",4777,Mountainview Builders Supply,3,3,3,1,4,69,-54,2022Q4,21,126,0.1667,4,7
All Other Markets Combined,4786,What's the Current,1,1,1,1,1,0,0,2022Q3,1,1,1,1,
All Other Markets Combined,4790,CACi Grill,1,1,2,2,17,61,43,2022Q3,19,19,1,17,1.3125
"Salt Lake City-Provo-Orem, UT",4793,Mak’s Cleaning LLC,1,3,3,1,6,24,-4,2022Q3,11,31,0.3548,6,5.2
"Las Vegas-Henderson, NV",4802,SportCrete,0,1,1,1,1,0,0,2022Q3,1,1,1,1,
All Other Markets Combined,4890,Rembrandts,1,1,1,1,6,76,71,2022Q3,6,6,1,6,5.8
All Other Markets Combined,4892,Washington Waldorf School,5,1,1,1,2,1,0,2022Q3,2,2,1,2,1
All Other Markets Combined,4893,Glenn's Market & Catering,8,1,1,1,1,0,0,2022Q3,1,1,1,1,
All Other Markets Combined,4894,Morgan Taylor’d Events,0,2,1,0.5,4,39,21,2022Q3,10,20,0.5,4,6.6667
"Salt Lake City-Provo-Orem, UT",4905,Zena's Flowers and Gifts,2,1,2,2,26,163,-77,2022Q3,73,241,0.3029,26,1.04
All Other Markets Combined,4906,DJJohnny Utah Promotions,1,1,1,1,1,8,8,2022Q4,1,1,1,1,
All Other Markets Combined,4908,Universal Steel America,8,1,1,1,1,0,0,2022Q4,1,1,1,1,
All Other Markets Combined,4915,Spark Vintage Rentals LLC,1,1,1,1,5,4,0,2022Q3,5,5,1,5,0.75
All Other Markets Combined,4936,"Icon OEM, Inc.",1,3,3,1,39,594,252,2022Q3,106,345,0.3072,39,0.5
All Other Markets Combined,4940,Rosecroft Raceway,6,4,1,0.25,9,344,289,2022Q3,17,59,0.2881,9,3.5
All Other Markets Combined,4943,"Treehous, LLC",3,1,1,1,1,0,0,2022Q3,1,1,1,1,
"Salt Lake City-Provo-Orem, UT",4944,Venue 6SIX9,2,4,4,1,1,0,-12,2022Q3,4,16,0.25,1,
"Salt Lake City-Provo-Orem, UT",4948,CH Holdings,1,1,1,1,2,1,-1,2022Q3,3,3,1,2,9
"Salt Lake City-Provo-Orem, UT",4953,Salt Palace Convention Center,4,5,6,1.2,87,5700,3083,2022Q3,429,2622,0.1636,87,0.0698
All Other Markets Combined,4966,Adler Pelzer Group,4,1,2,2,5,4,-2,2022Q3,7,7,1,5,0.75
All Other Markets Combined,4967,Juniper Green Events,19,1,1,1,1,6,6,2022Q4,1,1,1,1,
"Dallas-Fort Worth, TX-OK",4971,DealsPointer INC,4,2,2,1,12,73,11,2022Q4,24,64,0.375,12,1.2727
All Other Markets Combined,4971,DealsPointer INC,4,2,2,1,12,73,11,2022Q4,24,64,0.375,12,1.2727
"Salt Lake City-Provo-Orem, UT",4990,Time Machine,7,1,1,1,1,0,0,2022Q3,1,1,1,1,
All Other Markets Combined,5001,Chef Junction,11,1,1,1,2,3,-3,2022Q4,3,7,0.4286,2,0
All Other Markets Combined,5004,Historic Bates Mansion,180,1,1,1,1,6,6,2023Q1,1,1,1,1,
"Dallas-Fort Worth, TX-OK",5005,Brunchaholics,0,1,2,2,1,4,3,2022Q3,2,2,1,1,
"Dallas-Fort Worth, TX-OK",5022,Dei Rossi Marketing,3,1,1,1,14,210,181,2022Q3,20,30,0.6667,14,2.2308
"Salt Lake City-Provo-Orem, UT",5023,Thomas Cuisine - Utah (Pluralsight),3,1,1,1,8,8,1,2022Q3,8,8,1,8,1.7143
"Salt Lake City-Provo-Orem, UT",5025,Thomas Cuisine - Utah (Biofire 1201),4,1,1,1,27,143,117,2022Q4,27,27,1,27,1.1154
"Salt Lake City-Provo-Orem, UT",5027,Thomas Cuisine - Utah (Biofire 94),4,1,1,1,32,215,180,2022Q3,35,36,0.9722,32,0.6129
"Salt Lake City-Provo-Orem, UT",5029,Thomas Cuisine - Utah (Varex),9,1,1,1,1,2,2,2022Q4,1,1,1,1,
"Salt Lake City-Provo-Orem, UT",5030,Thomas Cuisine - Utah (Biofire 1001),1,1,2,2,51,1696,1551,2022Q3,94,146,0.6438,51,0.2
"Salt Lake City-Provo-Orem, UT",5031,Thomas Cuisine - Utah (Texas Instruments),5,1,1,1,8,180,161,2022Q4,12,20,0.6,8,4.1429
"Salt Lake City-Provo-Orem, UT",5033,DIME Beauty Co,1,6,6,1,5,804,625,2022Q3,27,185,0.1459,5,7.25
"Las Vegas-Henderson, NV",5040,All-Star Fence Company,7,1,1,1,12,12,1,2022Q3,12,12,1,12,1.5455
"Salt Lake City-Provo-Orem, UT",5047,RLS Performance,5,2,1,0.5,5,262,250,2022Q3,7,14,0.5,5,1
All Other Markets Combined,5048,BEST Crowd Management - Boise,4,100,19,0.19,3,695,-2485,2022Q3,44,3280,0.0134,3,10.5
"Dallas-Fort Worth, TX-OK",5056,Graze Craze Plano,2,1,1,1,5,8,4,2022Q3,5,5,1,5,5.5
All Other Markets Combined,5057,SodexoMagic - Jackson Memorial Hospital Main,5,2,1,0.5,36,1120,937,2022Q3,77,185,0.4162,36,0.6857
All Other Markets Combined,5060,SodexoMagic - Jackson Memorial North,1,1,1,1,19,22,3,2023Q1,19,20,0.95,19,1.2222
"Salt Lake City-Provo-Orem, UT",5061,BEST Crowd Management - University of Utah,3,75,26,0.3467,6,472,-14806,2022Q3,163,15353,0.0106,6,5.4
All Other Markets Combined,5062,Sodexo - Jackson Memorial North EVS,5,5,5,1,12,1845,1708,2022Q4,30,142,0.2113,12,0.9091
All Other Markets Combined,5070,"Executive Events, LLC",5,3,4,1.3333,3,4,-13,2022Q3,8,20,0.4,3,0.5
"Dallas-Fort Worth, TX-OK",5079,Soirée Coffee Bar,0,1,1,1,1,0,0,2022Q3,1,1,1,1,
"Dallas-Fort Worth, TX-OK",5092,ALT Linen,0,1,1,1,10,21,-6,2022Q3,15,28,0.5357,10,1
All Other Markets Combined,5093,Maui Wowi,6,1,1,1,1,8,8,2022Q4,1,1,1,1,
All Other Markets Combined,5096,"Chappell's Cleaning Services, LLC",0,1,1,1,2,4,2,2022Q4,2,3,0.6667,2,8
"Salt Lake City-Provo-Orem, UT",5103,Wonder Entertainment,8,6,6,1,9,312,89,2022Q3,45,229,0.1965,9,1.125
"Las Vegas-Henderson, NV",5104,TetrisPrep,1,1,1,1,8,137,37,2022Q3,26,101,0.2574,8,1.8571
All Other Markets Combined,5110,EKO Crewing ,5,10,3,0.3,2,321,292,2022Q3,4,39,0.1026,2,0
All Other Markets Combined,5113,Island Deliveries,7,1,1,1,1,1,1,2022Q3,1,1,1,1,
"Salt Lake City-Provo-Orem, UT",5115,BayWatch Technologies,7,1,1,1,2,1,0,2022Q3,2,2,1,2,1
"Salt Lake City-Provo-Orem, UT",5120,"Go Energy Foods, Inc.",1,4,4,1,6,36,-27,2022Q3,20,67,0.2985,6,0.8
All Other Markets Combined,5124,Mr. Chipp,6,2,2,1,1,0,-2,2022Q3,2,4,0.5,1,
"Dallas-Fort Worth, TX-OK",5129,Awesome Catering DFW,4,2,2,1,1,7,5,2022Q4,2,4,0.5,1,
All Other Markets Combined,5130,SodexoMagic - Jackson Memorial South,3,1,1,1,26,452,426,2023Q1,26,27,0.963,26,0.72
"Dallas-Fort Worth, TX-OK",5132,Maverick Fulfillment,3,4,4,1,6,34,-43,2022Q4,24,81,0.2963,6,1.4
"Dallas-Fort Worth, TX-OK",5146,A La Carte Catering & Cakes,4,1,1,1,18,291,266,2022Q3,22,26,0.8462,18,1.2941
All Other Markets Combined,5148,D&D CLEANING SERVICE,1,1,1,1,2,1,-1,2022Q3,3,3,1,2,20
"Las Vegas-Henderson, NV",5150,Smiley Pies LLC,6,1,1,1,5,6,1,2022Q3,5,6,0.8333,5,6
All Other Markets Combined,5159,Elite Occasion by Timina Lenae,2,3,3,1,2,3,-12,2022Q3,6,18,0.3333,2,0
"Dallas-Fort Worth, TX-OK",5162,Fetch Package - Plano,5,2,3,1.5,24,78,-90,2022Q3,66,170,0.3882,24,1.2174
All Other Markets Combined,5171,Signature Catering - San Antonio,3,2,3,1.5,10,168,6,2022Q3,32,164,0.1951,10,1.4444
All Other Markets Combined,5184,1-800 Water Damage of Athens,4,4,1,0.25,1,0,0,2022Q4,1,4,0.25,1,
All Other Markets Combined,5187,Arizona Nights,2,2,2,1,3,8,-4,2022Q3,5,14,0.3571,3,14
All Other Markets Combined,5191,Westview Orchards & Winery,2,2,3,1.5,14,42,12,2022Q4,20,32,0.625,14,0.3846
All Other Markets Combined,5193,Tube and Solid Tire,1,2,3,1.5,2,5,-3,2022Q4,5,10,0.5,2,7
All Other Markets Combined,5195,Nomes Caterings ,5,4,3,0.75,1,0,-8,2023Q1,3,12,0.25,1,
All Other Markets Combined,5207,Gibson Investments,1,1,1,1,1,0,0,2022Q3,1,1,1,1,
All Other Markets Combined,5208,Catering Out The Box,12,1,1,1,1,0,0,2022Q4,1,1,1,1,
"Salt Lake City-Provo-Orem, UT",5219,Graze Craze Sandy,2,1,1,1,1,0,0,2022Q4,1,1,1,1,
All Other Markets Combined,5223,First We Eat Catering,2,3,3,1,3,42,34,2022Q4,5,11,0.4545,3,13.5
All Other Markets Combined,5233,SpringHill Suites by Marriott,12,2,2,1,4,27,21,2023Q2,5,8,0.625,4,0
"Salt Lake City-Provo-Orem, UT",5240,Hope and Henry,3,2,2,1,24,79,-79,2022Q4,56,160,0.35,24,1.0435
"Las Vegas-Henderson, NV",5245,Interior Services NV LLC,3,5,4,0.8,2,3,-18,2023Q2,6,26,0.2308,2,1
All Other Markets Combined,5249,A Davis Events,2,2,2,1,1,16,14,2022Q4,2,4,0.5,1,
"Salt Lake City-Provo-Orem, UT",5254,Point S. Tire,4,2,1,0.5,2,2,-2,2022Q4,3,6,0.5,2,2
All Other Markets Combined,5257,Joy Is vacation rental cleaning,3,2,1,0.5,1,0,0,2022Q4,1,2,0.5,1,
All Other Markets Combined,5264,Sweetwater Cuisine,2,1,1,1,13,76,61,2022Q4,16,16,1,13,2.1667
"Dallas-Fort Worth, TX-OK",5270,The Grill LLC,9,1,1,1,5,12,8,2022Q4,5,5,1,5,4.75
All Other Markets Combined,5272,Xtreme Marketing VB,5,4,4,1,9,23,-68,2022Q4,25,95,0.2632,9,1.875
All Other Markets Combined,5274,Brigade Events,4,1,2,2,10,16,-2,2022Q4,15,19,0.7895,10,1.5556
"Salt Lake City-Provo-Orem, UT",5282,Stroops,4,1,1,1,5,4,0,2022Q4,5,5,1,5,2.5
All Other Markets Combined,5286,Jenkins Restorations - Chesapeake,14,4,6,1.5,4,308,228,2022Q4,21,84,0.25,4,1.6667
"Salt Lake City-Provo-Orem, UT",5287,Hotel Park City,4,1,1,1,1,0,0,2022Q4,1,1,1,1,
All Other Markets Combined,5289,AMG Cleaning Services,1,1,1,1,1,2,2,2022Q4,1,1,1,1,
All Other Markets Combined,5291,Graniti Vicentia LLC,3,2,1,0.5,54,1162,167,2022Q4,165,997,0.1655,54,0.5094
"Salt Lake City-Provo-Orem, UT",5315,Leftovers,3,2,2,1,1,0,-2,2022Q4,2,4,0.5,1,
"Dallas-Fort Worth, TX-OK",5316,Preston Hollow Catering,12,2,2,1,4,3,-3,2022Q4,6,8,0.75,4,0
"Dallas-Fort Worth, TX-OK",5322,Oakmont Country Club,3,3,2,0.6667,9,244,229,2022Q4,14,18,0.7778,9,3.375
"Las Vegas-Henderson, NV",5323,Restoration 1 (Las Vegas),1,2,2,1,3,4,-6,2022Q4,6,12,0.5,3,2.5
"Salt Lake City-Provo-Orem, UT",5325,Bountiful Collision,2,1,1,1,1,2,2,2022Q4,1,1,1,1,
"Dallas-Fort Worth, TX-OK",5326,Consolidated Clothiers,7,1,1,1,4,3,0,2022Q4,4,4,1,4,1
All Other Markets Combined,5333,Renue Systems of Michigan,3,1,1,1,1,0,0,2022Q4,1,1,1,1,
"Dallas-Fort Worth, TX-OK",5334,BSP Warehousing & Distribution,218,2,2,1,14,54,-7,2023Q2,28,63,0.4444,14,1.9231
All Other Markets Combined,5335,Global Cleaning Services Corporation,15,2,3,1.5,23,58,-116,2022Q4,56,176,0.3182,23,0.9545
"Salt Lake City-Provo-Orem, UT",5336,Legends Boxing HQ,3,5,5,1,4,36,10,2022Q4,9,31,0.2903,4,0
"Salt Lake City-Provo-Orem, UT",5337,The Leonardo - Events,10,1,2,2,7,97,75,2022Q4,12,23,0.5217,7,3.1667
All Other Markets Combined,5338,Complete Restoration Services,1,1,1,1,5,52,48,2022Q4,5,5,1,5,6.75
All Other Markets Combined,5339,Hindu Society of Minnesota,6,2,2,1,3,18,13,2022Q4,4,7,0.5714,3,4
"Salt Lake City-Provo-Orem, UT",5340,Meier's Catering,1,2,3,1.5,3,27,17,2022Q4,6,12,0.5,3,7
All Other Markets Combined,5343,Atmosphere Services,4,2,2,1,16,149,48,2022Q4,36,103,0.3495,16,1.9333
All Other Markets Combined,5350,Idaho Central Arena - Operations,1,3,1,0.3333,9,468,353,2022Q4,26,118,0.2203,9,3.25
All Other Markets Combined,5363,Mira Mé Magic Fotos LLC,213,1,1,1,1,0,0,2023Q2,1,1,1,1,
All Other Markets Combined,5367,Hannah's Kitchen,8,2,2,1,6,32,18,2022Q4,9,16,0.5625,6,5.6
All Other Markets Combined,5368,SmokeDatt BBQ INC,3,1,1,1,1,1,1,2022Q4,1,1,1,1,
"Las Vegas-Henderson, NV",5371,Inno Supps,0,7,6,0.8571,44,1558,-2895,2022Q4,330,4460,0.074,44,0.3953
All Other Markets Combined,5373,Primo Fitness,5,4,4,1,1,0,-12,2022Q4,4,16,0.25,1,
"Dallas-Fort Worth, TX-OK",5385,Soulful Street Bites,4,1,1,1,4,32,29,2022Q4,4,4,1,4,9.3333
All Other Markets Combined,5386,PG Special Events,4,1,1,1,1,0,0,2022Q4,1,1,1,1,
"Salt Lake City-Provo-Orem, UT",5389,Kizik,1,2,4,2,31,470,-1289,2022Q4,204,1761,0.1158,31,0.9667
All Other Markets Combined,5390,Airpark Business Center,3,1,1,1,1,1,1,2022Q4,1,1,1,1,
"Las Vegas-Henderson, NV",5402,CPR Tent & Events,7,6,2,0.3333,1,0,-6,2022Q4,2,12,0.1667,1,
All Other Markets Combined,5406,Carolina Restoration Services of NC,13,2,1,0.5,13,19,3,2022Q4,14,18,0.7778,13,1.5
"Dallas-Fort Worth, TX-OK",5407,Trophy Club Country Club,7,2,2,1,19,133,62,2022Q4,38,73,0.5205,19,1.6111
All Other Markets Combined,5416,Boise State University - FOM,26,2,2,1,31,40,-17,2023Q1,40,59,0.678,31,0.6
"Dallas-Fort Worth, TX-OK",5421,All4Clean,1,2,2,1,1,9,7,2022Q4,2,4,0.5,1,
All Other Markets Combined,5435,Welder of Texas,3,1,1,1,1,0,0,2022Q4,1,1,1,1,
"Dallas-Fort Worth, TX-OK",5437,SoCo Bistro,3,1,1,1,5,6,0,2022Q4,5,7,0.7143,5,1
"Salt Lake City-Provo-Orem, UT",5439,Fawn Design,3,4,4,1,9,46,-70,2022Q4,32,120,0.2667,9,1.625
All Other Markets Combined,5468,C. Parks Catering & Events,1,2,1,0.5,1,0,0,2022Q4,1,2,0.5,1,
"Salt Lake City-Provo-Orem, UT",5483,Delta Center Managed- Levy,1,5,1,0.2,5,1051,989,2022Q4,5,67,0.0746,5,4
All Other Markets Combined,5491,Lasata Properties,2,2,2,1,2,3,0,2022Q4,3,5,0.6,2,2
All Other Markets Combined,5501,MR Aquatics,4,2,2,1,5,11,1,2022Q4,6,12,0.5,5,1.5
"Dallas-Fort Worth, TX-OK",5509,Jilly Bean Accessories,10,1,2,2,4,7,3,2022Q4,5,5,1,4,2.3333
All Other Markets Combined,5509,Jilly Bean Accessories,10,1,2,2,4,7,3,2022Q4,5,5,1,4,2.3333
"Salt Lake City-Provo-Orem, UT",5513,Thomas Cuisine - Utah (CHG),6,1,1,1,7,27,20,2023Q2,7,8,0.875,7,3.5
"Salt Lake City-Provo-Orem, UT",5523,Camofire,6,1,1,1,4,3,0,2022Q4,4,4,1,4,1
All Other Markets Combined,5525,Tableside Gourmet Catering,2,1,1,1,3,4,2,2022Q4,3,3,1,3,1
All Other Markets Combined,5533,Thai Bistro,3,1,1,1,1,0,0,2022Q4,1,1,1,1,
All Other Markets Combined,5535,Choice Services,1,1,1,1,2,31,30,2023Q1,2,2,1,2,18
All Other Markets Combined,5539,Local Motion,48,4,2,0.5,1,0,-4,2022Q4,2,8,0.25,1,
"Salt Lake City-Provo-Orem, UT",5543,Caley's Catering and Events,2,3,3,1,3,47,31,2023Q2,7,19,0.3684,3,11
"Salt Lake City-Provo-Orem, UT",5546,Roderick Builders,4,2,4,2,1,16,10,2022Q4,4,8,0.5,1,
"Las Vegas-Henderson, NV",5547,Professional & Reliable Bartending,1,2,2,1,1,1,-1,2022Q4,2,4,0.5,1,
"Salt Lake City-Provo-Orem, UT",5548,Johnstone Supply (SLC),12,2,2,1,6,10,-6,2022Q4,9,18,0.5,6,1.4
All Other Markets Combined,5551,Corkys BBQ,3,1,1,1,4,14,11,2022Q4,4,4,1,4,9.3333
All Other Markets Combined,5567,1-800 WATER DAMAGE of Boise,1,1,1,1,2,39,38,2022Q4,2,2,1,2,3
"Salt Lake City-Provo-Orem, UT",5568,Done right construction services ,1,2,2,1,2,2,-2,2023Q1,3,6,0.5,2,1
All Other Markets Combined,5572,Daavat Catering & Events LLC,3,1,1,1,1,50,50,2022Q4,1,1,1,1,
All Other Markets Combined,5574,3 Horse Ranch Vineyards,10,1,1,1,3,2,0,2022Q4,3,3,1,3,1
"Las Vegas-Henderson, NV",5575,Goode Surgical,7,1,1,1,1,0,0,2022Q4,1,1,1,1,
All Other Markets Combined,5576,Sparkling Dream Cleaning LLC,6,1,2,2,3,4,1,2022Q4,4,4,1,3,6.5
All Other Markets Combined,5581,Daher Cleaning Services,2,2,1,0.5,1,2,2,2022Q4,1,2,0.5,1,
"Dallas-Fort Worth, TX-OK",5585,Spice of Life Catering,7,3,3,1,3,5,-13,2023Q1,8,21,0.381,3,1
All Other Markets Combined,5587,Fort Lowell Neighborhood Association,5,2,2,1,2,12,6,2022Q4,4,8,0.5,2,8
All Other Markets Combined,5596,The Local Caterer,22,2,1,0.5,1,1,1,2022Q4,1,2,0.5,1,
"Salt Lake City-Provo-Orem, UT",5600,Thomas Cuisine - Utah (Fresenius Medical),8,1,1,1,14,23,10,2022Q4,14,14,1,14,2.0769
"Dallas-Fort Worth, TX-OK",5604,G Texas at AT&T Performing Arts Center,0,6,1,0.1667,14,218,52,2022Q4,39,172,0.2267,14,2
"Las Vegas-Henderson, NV",5617,Utopia Home Staging,6,1,1,1,1,0,0,2022Q4,1,1,1,1,
"Las Vegas-Henderson, NV",5629,DLighted,2,5,6,1.2,3,10,-45,2022Q4,12,60,0.2,3,1
All Other Markets Combined,5631,Lotus Vaping Technologies,1,1,1,1,18,136,111,2022Q4,22,26,0.8462,18,1.4118
All Other Markets Combined,5637,Jenkins Restorations - Raleigh,2,4,1,0.25,5,38,-4,2022Q4,10,46,0.2174,5,3.5
"Salt Lake City-Provo-Orem, UT",5638,Smith Optics,30,2,1,0.5,3,1771,1761,2022Q4,5,12,0.4167,3,1
All Other Markets Combined,5640,The Landing Hotel - Hampton,3,4,5,1.25,20,121,69,2023Q1,28,56,0.5,20,0.8947
All Other Markets Combined,5646,48Live,3,5,3,0.6,2,30,12,2022Q4,5,23,0.2174,2,0
All Other Markets Combined,5647,Honey Baked Ham (Sandy Springs),3,5,3,0.6,10,66,-78,2022Q4,34,149,0.2282,10,1.1111
"Las Vegas-Henderson, NV",5648,Stage The Space,1,1,1,1,1,0,0,2023Q1,1,1,1,1,
All Other Markets Combined,5650,Honey Baked Ham (Cobb Parkway),3,6,4,0.6667,6,30,-168,2022Q4,34,204,0.1667,6,1
"Salt Lake City-Provo-Orem, UT",5652,Hive & Home,6,1,1,1,1,0,0,2022Q4,1,1,1,1,
All Other Markets Combined,5658,Holiday Lightscapes Inc,3,5,2,0.4,5,13,-20,2022Q4,10,38,0.2632,5,3
All Other Markets Combined,5662,Renaissance Portsmouth-Norfolk Waterfront Hotel,4,2,2,1,2,653,601,2022Q4,7,54,0.1296,2,19
"Salt Lake City-Provo-Orem, UT",5676,Ivy City Co,2,7,7,1,16,233,-71,2022Q4,68,311,0.2186,16,1.3333
All Other Markets Combined,5682,The Friendship Circle,11,1,1,1,3,7,5,2022Q4,3,3,1,3,7.5
"Salt Lake City-Provo-Orem, UT",5698,"Edible Arrangements (Murray, UT)",0,3,5,1.6667,8,223,155,2022Q4,29,71,0.4085,8,4
"Dallas-Fort Worth, TX-OK",5698,"Edible Arrangements (Murray, UT)",0,3,5,1.6667,8,223,155,2022Q4,29,71,0.4085,8,4
All Other Markets Combined,5702,Affordable & Luxury Event Rentals,1,4,5,1.25,10,51,-22,2022Q4,25,77,0.3247,10,1.3333
All Other Markets Combined,5703,Honey Baked Ham (Suwanee),1,4,2,0.5,3,14,-50,2022Q4,10,68,0.1471,3,1
All Other Markets Combined,5713,Ticheck Cleaning Services,8,1,1,1,4,5,2,2023Q1,4,4,1,4,2
All Other Markets Combined,5721,Orchard Collision Inc.,6,1,1,1,1,0,0,2022Q4,1,1,1,1,
All Other Markets Combined,5727,"Event Staging, Inc",7,10,12,1.2,8,50,-374,2022Q4,44,434,0.1014,8,2.5714
All Other Markets Combined,5728,CCA Commercial Cleaning Service,3,1,1,1,1,0,0,2022Q4,1,1,1,1,
All Other Markets Combined,5736,Precise Interiors,6,2,2,1,1,0,-2,2022Q4,2,4,0.5,1,
All Other Markets Combined,5740,Honey Baked Ham (Kennesaw),1,3,1,0.3333,2,3,-3,2022Q4,3,9,0.3333,2,0
"Dallas-Fort Worth, TX-OK",5741,Prime Home Staging,0,1,1,1,3,7,3,2022Q4,4,5,0.8,3,2
All Other Markets Combined,5742,Honey Baked Ham (Brookhaven),0,2,3,1.5,1,0,-4,2022Q4,3,6,0.5,1,
All Other Markets Combined,5752,Honey Baked Ham (Boca Raton),4,1,1,1,12,19,-5,2022Q4,16,25,0.64,12,0.6364
"Dallas-Fort Worth, TX-OK",5761,The Clean Team,4,1,1,1,3,3,1,2022Q4,3,3,1,3,5
"Dallas-Fort Worth, TX-OK",5773,Decatur Conference Center,3,2,2,1,2,99,93,2022Q4,4,8,0.5,2,1
All Other Markets Combined,5774,Sodexo - Jackson Main EVS,2,10,8,0.8,3,1464,1194,2022Q4,28,280,0.1,3,1
All Other Markets Combined,5777,Collab Foods,16,1,1,1,1,0,0,2022Q4,1,1,1,1,
All Other Markets Combined,5781,DoubleTree Suites by Hilton Tucson Airport,12,6,6,1,2,8,-24,2022Q4,7,38,0.1842,2,21
All Other Markets Combined,5785,Xtreme House Cleaning Services,2,1,1,1,3,3,1,2022Q4,3,3,1,3,6
"Dallas-Fort Worth, TX-OK",5791,"Johnson Bros. Bakery Supply, Inc.",1,2,1,0.5,3,2,0,2022Q4,3,4,0.75,3,0.5
"Dallas-Fort Worth, TX-OK",5792,Jasmine Cafe,11,10,6,0.6,2,5,-70,2022Q4,11,85,0.1294,2,4
"Salt Lake City-Provo-Orem, UT",5794,Thomas Cuisine - Utah (Salt Lake Regional),3,1,1,1,3,3,1,2023Q1,3,3,1,3,4
"Salt Lake City-Provo-Orem, UT",5814,Lions Not Sheep,4,1,1,1,42,82,-74,2022Q4,68,157,0.4331,42,0.4146
"Salt Lake City-Provo-Orem, UT",5821,Front Home Lighting,4,1,1,1,1,0,0,2022Q4,1,1,1,1,
All Other Markets Combined,5838,Doubletree by Hilton Williamsburg,3,2,3,1.5,17,129,37,2023Q1,32,94,0.3404,17,1.3125
All Other Markets Combined,5839,Wisconsin Sign & Graphics,3,1,1,1,1,0,0,2022Q4,1,1,1,1,
"Salt Lake City-Provo-Orem, UT",5845,Creminelli Fine Meats,1,2,4,2,21,177,136,2022Q4,29,43,0.6744,21,1.35
All Other Markets Combined,5848,Service Metal Fabricators,3,1,1,1,17,239,204,2022Q4,24,36,0.6667,17,1.8125
"Salt Lake City-Provo-Orem, UT",5854,FUSE REEL,2,1,1,1,1,0,0,2022Q4,1,1,1,1,
"Las Vegas-Henderson, NV",5856,Shrunk3D,5,1,1,1,13,14,1,2022Q4,14,14,1,13,0.1667
All Other Markets Combined,5867,AJ's Tree Removal,1,3,3,1,2,5,-5,2022Q4,5,13,0.3846,2,4
"Las Vegas-Henderson, NV",5868,The Pub Lake Las Vegas,4,1,1,1,1,0,0,2022Q4,1,1,1,1,
"Salt Lake City-Provo-Orem, UT",5875,Ship Central,1,1,1,1,1,0,0,2022Q4,1,1,1,1,
All Other Markets Combined,5876,Pamela Wasabi Bakery,3,1,1,1,10,18,9,2022Q4,10,10,1,10,3
"Las Vegas-Henderson, NV",5884,Simply the Best Catering,1,3,3,1,1,0,-6,2022Q4,3,9,0.3333,1,
All Other Markets Combined,5888,World Dining,5,4,4,1,18,365,254,2022Q4,36,115,0.313,18,1.1176
"Salt Lake City-Provo-Orem, UT",5895,Mackenzie Exhibit,6,3,4,1.3333,23,129,-29,2023Q1,54,161,0.3354,23,1.3182
All Other Markets Combined,5896,Industrial Equipment & Supplies,3,1,1,1,2,2,1,2022Q4,2,2,1,2,1
All Other Markets Combined,5904,Cocojam Norfolk,2,1,1,1,4,20,17,2022Q4,4,4,1,4,7.6667
All Other Markets Combined,5927,MDM Associates ,5,4,2,0.5,4,61,45,2022Q4,8,20,0.4,4,9
"Salt Lake City-Provo-Orem, UT",5928,Westland Construction,4,2,2,1,2,19,13,2023Q1,4,8,0.5,2,16
"Dallas-Fort Worth, TX-OK",5940,MyndVR,1,1,1,1,18,176,159,2022Q4,18,18,1,18,1.7059
All Other Markets Combined,5941,Big Whitt Cleaning,2,1,1,1,6,67,36,2022Q4,11,32,0.3438,6,5
All Other Markets Combined,5946,Aimaleighllc,1,1,1,1,2,1,0,2022Q4,2,2,1,2,1
All Other Markets Combined,5957,"Honey Baked Ham (Reston, VA)",5,4,3,0.75,8,52,-5,2022Q4,16,61,0.2623,8,0.2857
"Salt Lake City-Provo-Orem, UT",5962,Kane Consulting,14,31,37,1.1935,6,364,-1775,2022Q4,78,2170,0.0359,6,5
"Dallas-Fort Worth, TX-OK",5976,2gooses realty,0,2,2,1,1,2,0,2022Q4,2,4,0.5,1,
All Other Markets Combined,5979,Beyond Cleaning and Services LLC,17,3,2,0.6667,5,42,20,2023Q1,9,25,0.36,5,1.5
All Other Markets Combined,5982,LaLama Building & Design Inc,4,1,2,2,1,2,1,2022Q4,2,2,1,1,
All Other Markets Combined,5989,Let's Celebrate Catering and Events,4,1,1,1,1,0,0,2022Q4,1,1,1,1,
"Salt Lake City-Provo-Orem, UT",5990,Alpine Supply,14,2,2,1,15,26,-12,2023Q1,23,40,0.575,15,2.0714
"Salt Lake City-Provo-Orem, UT",5993,Habitat for Humanity of Summit & Wasatch Counties,2,1,1,1,9,379,371,2023Q1,9,9,1,9,3.5
All Other Markets Combined,5998,Metro Hauling,0,1,1,1,1,0,0,2022Q4,1,1,1,1,
All Other Markets Combined,6000,NextMed,6,3,2,0.6667,13,22,-13,2022Q4,22,38,0.5789,13,2
"Las Vegas-Henderson, NV",6006,Nailor Industries LLC,19,3,3,1,34,415,206,2023Q1,72,212,0.3396,34,0.8485
All Other Markets Combined,6008,Medina Entertainment Center,30,3,2,0.6667,1,7,4,2023Q1,2,6,0.3333,1,
All Other Markets Combined,6009,DECLEANING SERVICES INC,10,1,1,1,2,9,8,2023Q1,2,2,1,2,2
"Dallas-Fort Worth, TX-OK",6011,Mama B's Chili Parlor,29,2,1,0.5,3,15,12,2023Q1,3,5,0.6,3,1.5
All Other Markets Combined,6012,Taylor Essentials LLC,0,1,1,1,4,3,0,2023Q1,4,4,1,4,1
All Other Markets Combined,6013,"Hotel Furniture Liquidators, Inc.",8,1,1,1,20,204,182,2022Q4,21,23,0.913,20,1.5263
"Las Vegas-Henderson, NV",6020,"Silver State Assembly, LLC",20,2,2,1,11,66,33,2023Q1,18,35,0.5143,11,0.5
"Dallas-Fort Worth, TX-OK",6037,Chef Adrian's Great Wall,0,1,1,1,2,1,0,2022Q4,2,2,1,2,1
All Other Markets Combined,6040,Jane Doe Collection,2,1,1,1,1,0,0,2022Q4,1,1,1,1,
"Dallas-Fort Worth, TX-OK",6046,Celina Montessori Academy,0,2,1,0.5,13,143,119,2023Q1,16,26,0.6154,13,1.5
All Other Markets Combined,6054,Johnny on The Spot Restoration,6,3,5,1.6667,22,125,-320,2023Q1,88,448,0.1964,22,1.2857
All Other Markets Combined,6069,Dave & Buster's Scottsdale/Phoenix,3,2,1,0.5,7,15,-3,2023Q1,10,20,0.5,7,1.1667
"Salt Lake City-Provo-Orem, UT",6073,Infection Control Technology (ICT),12,2,2,1,11,83,71,2023Q1,12,14,0.8571,11,2.3
"Dallas-Fort Worth, TX-OK",6081,Stone Boutique,1,1,1,1,2,2,1,2023Q1,2,2,1,2,1
"Salt Lake City-Provo-Orem, UT",6088,Mountain America Expo Center - Operations,1,2,3,1.5,7,25,-17,2023Q1,22,44,0.5,7,1.8333
All Other Markets Combined,6094,Restoration1 Chicago Southland,3,2,2,1,5,19,-6,2023Q1,12,27,0.4444,5,7.25
"Dallas-Fort Worth, TX-OK",6103,VIP Mobile Detailing LLC,1,3,3,1,1,0,-6,2023Q1,3,9,0.3333,1,
All Other Markets Combined,6107,Apple Spice Box Lunch and Catering (ATLANTA),2,1,1,1,1,0,0,2023Q1,1,1,1,1,
"Dallas-Fort Worth, TX-OK",6125,Elite Fulfillment Solutions,1,2,2,1,52,467,350,2023Q1,70,119,0.5882,52,0.5294
All Other Markets Combined,6127,911 Restoration of Virginia Beach,3,1,1,1,3,13,8,2023Q1,4,6,0.6667,3,1.5
"Salt Lake City-Provo-Orem, UT",6128,Italic Labs LC,6,1,1,1,2,11,7,2023Q1,3,5,0.6,2,18
All Other Markets Combined,6131,Five Star Laundry - Nashville,2,1,1,1,1,1,1,2023Q2,1,1,1,1,
All Other Markets Combined,6139,Pabloon Balloon Company,6,1,1,1,1,0,0,2023Q2,1,1,1,1,
All Other Markets Combined,6140,Wolf Electric Supply,10,1,1,1,4,7,-9,2023Q1,7,17,0.4118,4,2.3333
"Dallas-Fort Worth, TX-OK",6141,Choctaw Stadium,8,22,20,0.9091,9,110,-829,2023Q1,55,961,0.0572,9,1.875
"Dallas-Fort Worth, TX-OK",6150,Ms. E's BBQ LLC,3,1,1,1,5,55,51,2023Q1,5,5,1,5,5.5
"Dallas-Fort Worth, TX-OK",6151,Auryn Industries,29,1,2,2,1,3,2,2023Q1,2,2,1,1,
All Other Markets Combined,6155,All Dry Services of Chicago,3,3,4,1.3333,3,15,1,2023Q2,7,17,0.4118,3,2
"Dallas-Fort Worth, TX-OK",6164,TGI KONA LLC,2,2,2,1,1,4,2,2023Q1,2,4,0.5,1,
"Las Vegas-Henderson, NV",6174,Taleyah Soul Food,3,1,1,1,7,6,-1,2023Q1,8,8,1,7,0.1667
"Salt Lake City-Provo-Orem, UT",6180,Growve,4,1,1,1,78,4790,4270,2023Q1,166,521,0.3186,78,0.1169
"Dallas-Fort Worth, TX-OK",6187,Evolution Electric Vehicle,3,2,2,1,20,186,-125,2023Q1,63,313,0.2013,20,1.4737
"Las Vegas-Henderson, NV",6193,Make It Mine,3,4,3,0.75,55,495,-282,2023Q1,152,781,0.1946,55,0.2778
"Salt Lake City-Provo-Orem, UT",6195,Mountain America Expo Center - Security,18,2,3,1.5,9,20,-64,2023Q1,26,86,0.3023,9,1.25
All Other Markets Combined,6199,VHR The Cleaning Company,2,1,1,1,1,0,0,2023Q1,1,1,1,1,
All Other Markets Combined,6200,Abstract Expressionz,24,2,1,0.5,1,1,1,2023Q1,1,2,0.5,1,
All Other Markets Combined,6201,"Hy-Vee, Janesville",20,10,5,0.5,55,344,-439,2023Q1,119,793,0.1501,55,0.2037
"Las Vegas-Henderson, NV",6204,Divine Events,6,5,3,0.6,1,0,-10,2023Q1,3,15,0.2,1,
"Dallas-Fort Worth, TX-OK",6206,Model My Home Staging,2,2,2,1,3,22,18,2023Q1,4,6,0.6667,3,9
"Las Vegas-Henderson, NV",6207,Tellus International,2,7,5,0.7143,7,43,-167,2023Q1,33,217,0.1521,7,0.6667
All Other Markets Combined,6208,Carolina Theatre of Durham,6,3,1,0.3333,4,8,0,2023Q1,6,11,0.5455,4,5
All Other Markets Combined,6209,Kleen'r,6,4,3,0.75,4,8,-26,2023Q1,11,38,0.2895,4,5.6667
All Other Markets Combined,6210,The Lab Bistro,7,1,1,1,24,75,52,2023Q1,24,24,1,24,1.2609
"Salt Lake City-Provo-Orem, UT",6213,Fullstack Fulfillment,32,3,3,1,23,1399,990,2023Q1,93,412,0.2257,23,1.2273
All Other Markets Combined,6214,Rivalry Tech,3,4,3,0.75,6,86,-11,2023Q1,17,101,0.1683,6,5.2
All Other Markets Combined,6215,Tru Solutions Moving Phoenix,5,2,1,0.5,1,0,0,2023Q1,1,2,0.5,1,
All Other Markets Combined,6216,Shungute USA,4,2,4,2,5,4,-6,2023Q1,8,12,0.6667,5,5
All Other Markets Combined,6229,Restoration 1 of Cary,19,2,2,1,7,13,-13,2023Q1,13,28,0.4643,7,1.1667
All Other Markets Combined,6243,All Weather Green Homes,52,2,2,1,13,280,199,2023Q1,30,83,0.3614,13,2.25
All Other Markets Combined,6252,Edible Arrangements - Lynnhaven,19,2,2,1,22,41,-27,2023Q1,34,70,0.4857,22,0.2381
All Other Markets Combined,6255,Hardware Concepts,44,1,1,1,13,12,0,2023Q1,13,13,1,13,1.4167
"Dallas-Fort Worth, TX-OK",6257,Chicago's Taste & More,15,1,1,1,3,3,1,2023Q1,3,3,1,3,7
"Las Vegas-Henderson, NV",6264,Triple 5 Distribution,11,2,1,0.5,1,0,0,2023Q1,1,2,0.5,1,
"Dallas-Fort Worth, TX-OK",6265,Valence Supply,1,2,2,1,5,4,-3,2023Q1,7,9,0.7778,5,3.5
All Other Markets Combined,6266,Anatomy Class Entertainment Studios,33,10,2,0.2,1,0,-10,2023Q2,2,20,0.1,1,
"Salt Lake City-Provo-Orem, UT",6272,National Wood Products,3,1,1,1,1,0,0,2023Q1,1,1,1,1,
All Other Markets Combined,6279,Edible Arrangements Roseville ,14,2,1,0.5,2,4,2,2023Q1,2,4,0.5,2,1
All Other Markets Combined,6286,Lighthouse Express,2,2,1,0.5,2,2,0,2023Q1,2,4,0.5,2,1
All Other Markets Combined,6297,J BUILT-IT ASSEMBLIES,0,1,1,1,1,0,0,2023Q1,1,1,1,1,
"Salt Lake City-Provo-Orem, UT",6300,Clutter Boyz LLC,2,1,1,1,1,10,10,2023Q1,1,1,1,1,
All Other Markets Combined,6301,Delta Hotels Norfolk Airport,5,1,1,1,18,29,12,2023Q1,18,18,1,18,1.2353
All Other Markets Combined,6306,Lady Anvil,6,1,1,1,2,6,5,2023Q1,2,2,1,2,1
All Other Markets Combined,6310,Essential Contractors,3,2,3,1.5,10,82,9,2023Q1,21,75,0.28,10,0.5556
All Other Markets Combined,6314,Edible Arrangements - Chicago,3,3,3,1,10,17,-21,2023Q1,16,41,0.3902,10,0.6667
"Salt Lake City-Provo-Orem, UT",6315,Standard Restoration,4,1,2,2,1,101,100,2023Q1,2,2,1,1,
All Other Markets Combined,6315,Standard Restoration,4,1,2,2,1,101,100,2023Q1,2,2,1,1,
All Other Markets Combined,6316,Trashy's Hauling and Junk Removal,1,1,1,1,5,21,17,2023Q1,5,5,1,5,0.75
All Other Markets Combined,6318,Le Coq d'Or LLC,6,2,4,2,21,139,-53,2023Q1,50,194,0.2577,21,1.15
All Other Markets Combined,6320,Junk Robbers Inc,2,1,1,1,3,4,2,2023Q1,3,3,1,3,10
All Other Markets Combined,6331,Edible Arrangements - Nashville,9,4,3,0.75,9,16,-22,2023Q1,17,42,0.4048,9,0.25
All Other Markets Combined,6337,"Edible Arrangements (Austell, Ga)",4,3,1,0.3333,3,7,-3,2023Q1,4,13,0.3077,3,0
All Other Markets Combined,6342,Nicole Jordan Catering,9,2,3,1.5,5,9,-6,2023Q1,9,17,0.5294,5,1.75
All Other Markets Combined,6345,Elegant Occasions by Krista ,5,3,3,1,1,8,2,2023Q1,3,9,0.3333,1,
All Other Markets Combined,6349,Edible Arrangements - IL Oak Park,8,6,5,0.8333,1,0,-24,2023Q1,5,30,0.1667,1,
"Salt Lake City-Provo-Orem, UT",6354,Broad Reach,9,12,12,1,21,416,-1358,2023Q1,165,1786,0.0924,21,1
"Salt Lake City-Provo-Orem, UT",6355,Centrifugal Productions,4,5,5,1,1,0,-20,2023Q1,5,25,0.2,1,
"Salt Lake City-Provo-Orem, UT",6363,Modern Spare,52,4,5,1.25,7,14,-24,2023Q1,16,42,0.381,7,3.1667
"Salt Lake City-Provo-Orem, UT",6365,Deez Cleaning Services,0,2,2,1,4,7,-1,2023Q1,6,10,0.6,4,3.3333
"Salt Lake City-Provo-Orem, UT",6370,Bacon Marketing,8,5,6,1.2,5,100,-25,2023Q1,26,130,0.2,5,5.5
All Other Markets Combined,6370,Bacon Marketing,8,5,6,1.2,5,100,-25,2023Q1,26,130,0.2,5,5.5
"Salt Lake City-Provo-Orem, UT",6371,Bare Metal Standard,5,1,2,2,2,83,81,2023Q1,3,3,1,2,1
All Other Markets Combined,6371,Bare Metal Standard,5,1,2,2,2,83,81,2023Q1,3,3,1,2,1
All Other Markets Combined,6374,John's Moving,3,2,2,1,5,8,-1,2023Q2,7,11,0.6364,5,4.75
"Las Vegas-Henderson, NV",6376,Aspen Restorations,33,3,4,1.3333,5,35,-8,2023Q2,16,46,0.3478,5,1.25
All Other Markets Combined,6379,All Dry Services of Northern Virginia,1,1,1,1,3,12,10,2023Q2,3,3,1,3,0.5
"Dallas-Fort Worth, TX-OK",6383,Meal Outpost,1,1,1,1,5,4,0,2023Q1,5,5,1,5,1.25
All Other Markets Combined,6394,Nashville Record Pressing,1,3,3,1,2,3,-9,2023Q1,5,15,0.3333,2,3
"Dallas-Fort Worth, TX-OK",6398,ServiceMaster Restore - TX,12,2,2,1,6,10,-10,2023Q1,11,22,0.5,6,3.4
"Dallas-Fort Worth, TX-OK",6400,Precise Sanitizing LLC,10,1,1,1,22,82,59,2023Q1,22,24,0.9167,22,0.9524
All Other Markets Combined,6408,"Barrio Brewing Company, Inc.",3,1,1,1,15,23,2,2023Q1,22,22,1,15,1.9286
"Dallas-Fort Worth, TX-OK",6409,Frez-n-Stor Terrell LLC,3,3,3,1,10,26,-12,2023Q1,16,41,0.3902,10,0.6667
"Dallas-Fort Worth, TX-OK",6411,Frez-n-Stor Greenville LLC,3,3,2,0.6667,4,12,-3,2023Q1,6,18,0.3333,4,0.6667
All Other Markets Combined,6413,TopTier Cleaning Solutions,1,2,1,0.5,16,179,28,2023Q1,43,153,0.281,16,1.6667
All Other Markets Combined,6415,The Dutch,5,1,1,1,3,6,4,2023Q1,3,3,1,3,2
All Other Markets Combined,6428,JD's Bar and Grill,0,2,1,0.5,1,1,1,2023Q1,1,2,0.5,1,
All Other Markets Combined,6430,LAD Cleaning Services,0,1,1,1,2,1,0,2023Q1,2,2,1,2,21
All Other Markets Combined,6436,Taj Mahal of Idaho Inc,1,2,2,1,6,23,5,2023Q1,11,20,0.55,6,0.2
"Dallas-Fort Worth, TX-OK",6438,Capriotti's Sandwich Shop,4,1,2,2,6,9,-1,2023Q1,9,11,0.8182,6,1.2
"Salt Lake City-Provo-Orem, UT",6439,Actylis,1,3,3,1,28,862,699,2023Q1,64,166,0.3855,28,1.037
"Salt Lake City-Provo-Orem, UT",6440,Falcon Fulfillment,7,2,2,1,9,21,-1,2023Q1,14,24,0.5833,9,3.375
All Other Markets Combined,6446,Ashley Christensen Restaurants,5,1,1,1,1,2,2,2023Q1,1,1,1,1,
"Dallas-Fort Worth, TX-OK",6448,Korrect General Contracting,0,2,1,0.5,1,4,4,2023Q1,1,2,0.5,1,
All Other Markets Combined,6450,Doggone Purrfection,2,1,1,1,5,10,6,2023Q1,5,5,1,5,6.25
All Other Markets Combined,6459,V1 Tech,2,2,2,1,5,13,-17,2023Q1,12,32,0.375,5,3.25
"Dallas-Fort Worth, TX-OK",6459,V1 Tech,2,2,2,1,5,13,-17,2023Q1,12,32,0.375,5,3.25
"Salt Lake City-Provo-Orem, UT",6460,Show Ready Event Services,82,6,8,1.3333,2,31,-39,2023Q2,15,76,0.1974,2,3
"Las Vegas-Henderson, NV",6462,AGR Group,2,1,1,1,3,2,0,2023Q1,3,3,1,3,2
All Other Markets Combined,6463,United Water Restoration Group - Atlanta North,1,4,5,1.25,7,26,-94,2023Q1,26,124,0.2097,7,1.1667
All Other Markets Combined,6467,A Superior Cleaning Service,5,2,2,1,53,556,393,2023Q1,83,165,0.503,53,0.3077
"Salt Lake City-Provo-Orem, UT",6471,Metpar Corp,7,1,1,1,1,0,0,2023Q1,1,1,1,1,
All Other Markets Combined,6473,GV FACADES LLC,4,9,6,0.6667,27,1061,-491,2023Q2,190,1561,0.1217,27,1.0769
"Dallas-Fort Worth, TX-OK",6474,Brook Hollow Golf Club,14,2,1,0.5,2,6,-10,2023Q1,5,18,0.2778,2,7
All Other Markets Combined,6478,SodexoMagic - Jackson Memorial West,6,1,1,1,5,5,1,2023Q1,5,5,1,5,7
"Dallas-Fort Worth, TX-OK",6480,Marketplace Prep,7,1,1,1,5,669,665,2023Q1,5,5,1,5,1
All Other Markets Combined,6484,Junk Holler,2,2,1,0.5,1,0,0,2023Q2,1,2,0.5,1,
All Other Markets Combined,6494,Jenkins Environmental Phoenix,5,1,1,1,1,1,1,2023Q1,1,1,1,1,
All Other Markets Combined,6495,Gregs Cookout,3,2,1,0.5,2,3,2,2023Q1,2,3,0.6667,2,1
All Other Markets Combined,6497,Divine Epicurean & Entertainment LLC,7,2,2,1,3,18,9,2023Q1,5,11,0.4545,3,7
"Dallas-Fort Worth, TX-OK",6499,Taylor's Rental ,58,4,4,1,25,125,-300,2023Q2,113,429,0.2634,25,1.2083
"Salt Lake City-Provo-Orem, UT",6506,Hoffman Premium Glass,3,1,1,1,16,158,143,2023Q1,16,16,1,16,1.7333
"Las Vegas-Henderson, NV",6525,Let's Do Junk,2,2,2,1,1,14,12,2023Q1,2,4,0.5,1,
All Other Markets Combined,6528,Southern Hobby Distribution,2,2,3,1.5,2,26,18,2023Q2,5,10,0.5,2,1
All Other Markets Combined,6529,JAG Janus Automation Group /Ecolinx,1,3,2,0.6667,4,6,-7,2023Q1,7,16,0.4375,4,1.6667
"Salt Lake City-Provo-Orem, UT",6530,Real Salt Lake - Operations,1,11,11,1,4,34,-497,2023Q1,38,542,0.0701,4,3
"Dallas-Fort Worth, TX-OK",6532,Brush On Block,6,2,2,1,23,523,395,2023Q1,52,130,0.4,23,1.2727
"Las Vegas-Henderson, NV",6533,1-800-GOT-JUNK of Las Vegas,3,1,1,1,6,42,36,2023Q1,6,7,0.8571,6,1.4
All Other Markets Combined,6541,G&G cain llc,2,1,1,1,2,2,-2,2023Q1,3,5,0.6,2,0
All Other Markets Combined,6550,"559 Ventures, LLC",1,5,3,0.6,3,3,-12,2023Q1,6,20,0.3,3,7
All Other Markets Combined,6557,Next Gen Welding and Fabrication LLC,2,1,1,1,1,1,1,2023Q1,1,1,1,1,
All Other Markets Combined,6559,North Beach Village Resorts,1,1,1,1,1,0,0,2023Q1,1,1,1,1,
"Dallas-Fort Worth, TX-OK",6561,Intelinet Systems,2,2,2,1,1,0,-2,2023Q1,2,4,0.5,1,
All Other Markets Combined,6562,Culinary Collections - Illinois,50,4,4,1,2,6,-8,2023Q1,6,18,0.3333,2,17
"Las Vegas-Henderson, NV",6580,SWOOP LLC,1,1,1,1,16,471,293,2023Q1,42,179,0.2346,16,1.3333
All Other Markets Combined,6585,Georgia Cleans,2,1,1,1,4,13,10,2023Q1,4,4,1,4,3.6667
All Other Markets Combined,6587,Jaws Pressure Washing,15,1,1,1,1,1,1,2023Q1,1,1,1,1,
All Other Markets Combined,6588,Sunco Properties,2,1,1,1,15,21,7,2023Q1,15,15,1,15,1.3571
All Other Markets Combined,6591,Epix 360 Experience LLC,1,1,1,1,5,10,3,2023Q1,6,8,0.75,5,5
"Dallas-Fort Worth, TX-OK",6599,Samose Waali - Indian Snacks and Catering,11,2,2,1,1,0,-2,2023Q1,2,4,0.5,1,
All Other Markets Combined,6602,Rocco's Little Chicago Pizzeria,19,1,1,1,1,0,0,2023Q1,1,1,1,1,
"Dallas-Fort Worth, TX-OK",6606,DUBAL BROS,50,3,2,0.6667,11,16,-8,2023Q2,14,27,0.5185,11,2
All Other Markets Combined,6609,Dave & Buster's Virginia Beach,1,8,8,1,19,82,-174,2023Q1,60,264,0.2273,19,1.3333
All Other Markets Combined,6610,TJ&A Global Online LLC,31,1,1,1,8,109,102,2023Q2,8,8,1,8,2.2857
All Other Markets Combined,6614,WORMLEY CREEK MARINA,1,1,1,1,2,1,0,2023Q1,2,2,1,2,1
"Dallas-Fort Worth, TX-OK",6615,Classic Commercial Cleaning,5,2,2,1,2,4,-2,2023Q1,4,8,0.5,2,6
All Other Markets Combined,6617,Prestwick Country Club,1,1,1,1,3,9,-1,2023Q2,5,11,0.4545,3,7
"Salt Lake City-Provo-Orem, UT",6619,Kr8tions inc,8,3,2,0.6667,2,2,-5,2023Q1,4,10,0.4,2,1
All Other Markets Combined,6620,Locking Horns Riverside Restaurant,4,1,1,1,4,5,2,2023Q2,4,4,1,4,5
All Other Markets Combined,6622,Your Time Transport ,13,5,6,1.2,2,5,-45,2023Q2,11,55,0.2,2,1
All Other Markets Combined,6623,Ackerley For Mayor,2,17,11,0.6471,17,56,-330,2023Q1,41,403,0.1017,17,1.5
"Las Vegas-Henderson, NV",6630,Elite Motion Foto Booth,3,1,1,1,1,5,5,2023Q1,1,1,1,1,
All Other Markets Combined,6632,Sweep Home Chicago,1,1,2,2,6,6,0,2023Q1,7,7,1,6,1.4
All Other Markets Combined,6650,WESDOR EVENTS DECOR & RENTALS ,11,3,2,0.6667,3,196,159,2023Q1,10,40,0.25,3,10
All Other Markets Combined,6651,Green Plate Catering,2,3,2,0.6667,1,0,-3,2023Q1,2,6,0.3333,1,
All Other Markets Combined,6653,Dave & Buster's Glen Allen,5,2,1,0.5,9,23,-4,2023Q1,14,29,0.4828,9,2.375
All Other Markets Combined,6656,Good Ground Cleaning,8,1,1,1,1,2,2,2023Q1,1,1,1,1,
"Salt Lake City-Provo-Orem, UT",6664,Tasteful Moments Catering,10,1,1,1,1,0,0,2023Q1,1,1,1,1,
All Other Markets Combined,6667,my fish tank man,3,1,1,1,3,2,0,2023Q1,3,3,1,3,6.5
"Las Vegas-Henderson, NV",6670,CORT Events (Las Vegas),1,8,8,1,2,1,-56,2023Q1,9,65,0.1385,2,0
"Dallas-Fort Worth, TX-OK",6673,H&W For Life,2,2,3,1.5,12,19,-9,2023Q1,18,30,0.6,12,2.4545
All Other Markets Combined,6675,Mosaic Catering and Events,8,12,10,0.8333,4,40,-77,2023Q1,15,129,0.1163,4,9
All Other Markets Combined,6676,Jaxx Inc,6,4,3,0.75,2,2,-14,2023Q1,7,20,0.35,2,1
All Other Markets Combined,6681,Mini Me Events,16,2,3,1.5,1,0,-4,2023Q2,3,6,0.5,1,
"Dallas-Fort Worth, TX-OK",6687,Perks & Provisions,7,1,1,1,8,106,99,2023Q1,8,8,1,8,2.5714
"Dallas-Fort Worth, TX-OK",6689,The Northside Rockwall,2,1,1,1,1,0,0,2023Q1,1,1,1,1,
All Other Markets Combined,6690,Rolling Video Games Nashville,7,1,2,2,1,15,14,2023Q1,2,2,1,1,
All Other Markets Combined,6693,Andiamo (Bloomfield),93,1,1,1,9,17,-5,2023Q2,14,23,0.6087,9,3.125
All Other Markets Combined,6705,Joe Muer,1,2,2,1,2,3,-1,2023Q2,3,6,0.5,2,13
"Salt Lake City-Provo-Orem, UT",6719,Lori Riddle Private Events - SLC,4,1,1,1,1,0,0,2023Q1,1,1,1,1,
"Dallas-Fort Worth, TX-OK",6723,Tex Bev,9,1,1,1,13,211,151,2023Q2,24,61,0.3934,13,1.9167
All Other Markets Combined,6726,Staged2Sell,1,1,1,1,1,6,6,2023Q2,1,1,1,1,
All Other Markets Combined,6733,"Key Cleaning Services, LLC",9,4,1,0.25,3,11,7,2023Q1,3,8,0.375,3,5.5
All Other Markets Combined,6739,Lyles Cleaning Services,4,2,1,0.5,1,0,0,2023Q1,1,2,0.5,1,
All Other Markets Combined,6745,Blinds Doctor LLC.,2,2,1,0.5,1,2,2,2023Q1,1,2,0.5,1,
All Other Markets Combined,6747,The Popcorn Lady,9,2,4,2,5,95,70,2023Q1,10,27,0.3704,5,3.75
"Salt Lake City-Provo-Orem, UT",6749,Lash Stuff,9,1,1,1,5,4,0,2023Q1,5,5,1,5,1.75
"Dallas-Fort Worth, TX-OK",6756,TraXtion,1,2,3,1.5,19,57,3,2023Q1,32,56,0.5714,19,1.6111
"Las Vegas-Henderson, NV",6761,Holidays Perfected,2,2,2,1,2,80,74,2023Q1,4,8,0.5,2,23
All Other Markets Combined,6765,Sodexo Jackson Behavioral Health,20,5,5,1,70,480,-581,2023Q1,222,1066,0.2083,70,0.0725
"Salt Lake City-Provo-Orem, UT",6770,Caliber Collision,6,1,1,1,6,5,0,2023Q1,6,6,1,6,1.4
"Dallas-Fort Worth, TX-OK",6784,EXPERT YARD AND GARDEN,3,1,2,2,3,2,-1,2023Q1,4,4,1,3,2
All Other Markets Combined,6786,Society of Environmental Journalists,22,2,2,1,18,27,-16,2023Q2,27,45,0.6,18,0.0588
All Other Markets Combined,6800,Happy Day Brands ,1,2,3,1.5,2,5,0,2023Q1,4,7,0.5714,2,7
All Other Markets Combined,6801,"Dave & Buster’s - Rosemont, IL",4,1,2,2,5,8,-22,2023Q1,15,31,0.4839,5,0.5
"Dallas-Fort Worth, TX-OK",6802,The Boho Market,25,1,1,1,3,25,21,2023Q2,5,5,1,3,13.5
All Other Markets Combined,6805,"Cordogan Clark Consulting Services, LLC",2,1,1,1,13,216,-88,2023Q1,48,305,0.1574,13,2.25
"Dallas-Fort Worth, TX-OK",6807,Bouré Event Studio,5,1,1,1,4,34,30,2023Q1,5,5,1,4,9
All Other Markets Combined,6812,Lakeland Manor,2,2,2,1,3,18,1,2023Q2,8,19,0.4211,3,14
"Dallas-Fort Worth, TX-OK",6814,Etage Events,5,1,1,1,1,1,1,2023Q2,1,1,1,1,
All Other Markets Combined,6819,Unique Custom Designs,6,6,4,0.6667,1,12,-6,2023Q2,4,24,0.1667,1,
All Other Markets Combined,6823,Patriot Movers,4,2,1,0.5,1,0,0,2023Q2,1,2,0.5,1,
All Other Markets Combined,6833,Bet Shalom Synagogue,13,3,2,0.6667,2,2,-5,2023Q2,4,10,0.4,2,0
All Other Markets Combined,6835,Sodexo Magic - Jackson BHH,4,1,1,1,22,336,315,2023Q1,22,22,1,22,1.3333
All Other Markets Combined,6836,Joey's Movers of Evanston LLC,4,7,4,0.5714,3,114,-21,2023Q1,13,142,0.0915,3,13.5
"Dallas-Fort Worth, TX-OK",6839,"Travel Safe Water, Inc.",1,6,4,0.6667,8,18,-41,2023Q1,19,65,0.2923,8,1
All Other Markets Combined,6842,O&W Enterprise Inc DBA RVA BBQ,2,1,1,1,1,4,4,2023Q2,1,1,1,1,
All Other Markets Combined,6847,SUDS Commercial Cleaning,0,1,1,1,1,0,0,2023Q2,1,1,1,1,
All Other Markets Combined,6852,No Limit Foods,4,1,1,1,6,7,-1,2023Q1,9,9,1,6,4.6
All Other Markets Combined,6862,Sodexo - Jackson West EVS,1,3,3,1,20,104,-162,2023Q1,61,269,0.2268,20,1.2632
"Dallas-Fort Worth, TX-OK",6863,JDog Junk Removal & Hauling - Frisco,3,1,1,1,2,3,0,2023Q1,2,4,0.5,2,2
All Other Markets Combined,6865,Drip Drop Distro,3,4,3,0.75,8,17,-21,2023Q1,15,42,0.3571,8,3.2857
All Other Markets Combined,6866,Sodexo - Jackson South EVS,3,5,4,0.8,16,48,-144,2023Q1,46,197,0.2335,16,1.4667
"Dallas-Fort Worth, TX-OK",6875,PCR Recycling,7,4,3,0.75,5,11,-28,2023Q2,13,43,0.3023,5,4
"Las Vegas-Henderson, NV",6881,Le belle france LLC,13,1,1,1,1,0,0,2023Q2,1,1,1,1,
All Other Markets Combined,6883,Hollywood Blvd Cinema,3,2,2,1,1,4,2,2023Q1,2,4,0.5,1,
All Other Markets Combined,6884,Embree Construction Group Inc.,1,4,2,0.5,3,2,-4,2023Q1,4,10,0.4,3,0
All Other Markets Combined,6886,Valiant Cleaning Service ,6,1,1,1,2,5,4,2023Q2,2,2,1,2,7
"Las Vegas-Henderson, NV",6890,Quinn Moving Solutions,1,3,3,1,1,0,-6,2023Q2,3,9,0.3333,1,
All Other Markets Combined,6893,Tropical Smoothie Cafe - Spring Hill,4,3,4,1.3333,8,16,-18,2023Q2,15,37,0.4054,8,2.2857
All Other Markets Combined,6894,Subway 30558 - Madison WI,1,1,2,2,13,27,14,2023Q1,14,14,1,13,1.9167
All Other Markets Combined,6895,Phoenix Rose,1,1,1,1,1,0,0,2023Q1,1,1,1,1,
All Other Markets Combined,6896,Music City Maintenance,6,1,1,1,2,21,20,2023Q2,2,2,1,2,1
"Dallas-Fort Worth, TX-OK",6899,Cheeza Pleeza,1,2,2,1,1,0,-2,2023Q1,2,4,0.5,1,
"Salt Lake City-Provo-Orem, UT",6902,Navis Pack & Ship (SLC),1,2,4,2,19,124,84,2023Q1,29,42,0.6905,19,1.5556
All Other Markets Combined,6905,Desert Memories Photo Booths,22,2,2,1,3,5,-4,2023Q2,5,11,0.4545,3,0
"Salt Lake City-Provo-Orem, UT",6907,Andersen’s Crazy Candy,2,5,5,1,87,3810,2431,2023Q1,260,1384,0.1879,87,0.1395
"Dallas-Fort Worth, TX-OK",6920,Cafe Mila,3,2,2,1,6,6,-2,2023Q2,7,10,0.7,6,1.2
All Other Markets Combined,6933,GSC Specialty Contractors,1,1,1,1,15,452,435,2023Q2,16,18,0.8889,15,2
All Other Markets Combined,6936,Rigility Surveillance Solutions,2,2,1,0.5,1,0,0,2023Q2,1,2,0.5,1,
All Other Markets Combined,6942,Samanco Construction,17,1,1,1,1,0,0,2023Q2,1,1,1,1,
"Dallas-Fort Worth, TX-OK",6950,Q Corporation,1,3,1,0.3333,31,586,110,2023Q2,110,479,0.2296,31,0.9667
All Other Markets Combined,6958,Jackalope,1,2,2,1,3,11,-62,2023Q2,10,75,0.1333,3,0.5
All Other Markets Combined,6959,"Maison Culinaire, Inc.",3,1,1,1,3,2,0,2023Q2,3,3,1,3,1
"Las Vegas-Henderson, NV",6960,Kodi Collective ,4,3,3,1,36,137,-204,2023Q2,95,344,0.2762,36,0.6571
All Other Markets Combined,6963,1-800 WATER DAMAGE of North Fulton ,1,2,2,1,22,326,244,2023Q2,42,84,0.5,22,1.2381
All Other Markets Combined,6967,MitchellCasteel Catering A Fine Catered Affair,8,2,2,1,39,127,57,2023Q2,48,72,0.6667,39,0.3684
"Dallas-Fort Worth, TX-OK",6968,Mrara Enterprises LLC,0,1,1,1,3,4,2,2023Q2,3,3,1,3,9.5
"Dallas-Fort Worth, TX-OK",6972,Frisco RoughRiders,2,13,12,0.9231,2,13,-299,2023Q2,25,325,0.0769,2,1
"Dallas-Fort Worth, TX-OK",6975,Diamond Oaks Country Club,5,1,1,1,8,12,0,2023Q2,10,13,0.7692,8,0.4286
All Other Markets Combined,6982,Nippon Express Newport News,6,1,1,1,4,3,0,2023Q2,4,4,1,4,1
All Other Markets Combined,6983,Everyday Gourmet,8,2,4,2,4,5,-13,2023Q2,10,20,0.5,4,0.3333
All Other Markets Combined,6990,Enhanced Roofing Arizona,7,1,1,1,5,5,-4,2023Q2,7,10,0.7,5,3.75
All Other Markets Combined,7000,Weddings by Reema ,10,6,9,1.5,4,13,-126,2023Q2,25,145,0.1724,4,0.6667
All Other Markets Combined,7004,Rebath of Tucson,12,2,2,1,1,0,-2,2023Q2,2,4,0.5,1,
All Other Markets Combined,7024,Infinity Productions ,3,8,9,1.125,3,16,-160,2023Q2,23,184,0.125,3,0
All Other Markets Combined,7036,Wright Choice Construction LLC,6,1,1,1,3,4,2,2023Q2,3,3,1,3,2
All Other Markets Combined,7041,Spotlight Events,3,1,1,1,3,9,-1,2023Q2,5,11,0.4545,3,13.5
All Other Markets Combined,7047,VEGEISTA,7,1,1,1,2,4,3,2023Q2,2,2,1,2,7
"Salt Lake City-Provo-Orem, UT",7063,Utah Warriors Rugby,1,4,5,1.25,3,30,-66,2023Q2,17,100,0.17,3,10.5
All Other Markets Combined,7066,RBC Homes,2,4,5,1.25,3,6,-31,2023Q2,10,41,0.2439,3,0.5
All Other Markets Combined,7076,Precise Completion LLC,5,4,3,0.75,5,24,-148,2023Q2,28,176,0.1591,5,1.5
All Other Markets Combined,7078,Jay and J Vending,5,2,2,1,4,10,1,2023Q2,6,11,0.5455,4,4.6667
All Other Markets Combined,7082,Rendezvous Gilbert AZ,9,10,10,1,5,44,-368,2023Q2,35,422,0.0829,5,1
"Dallas-Fort Worth, TX-OK",7085,Texas Teacups,2,2,2,1,15,26,8,2023Q2,17,20,0.85,15,1.2143
All Other Markets Combined,7102,Venta Furnishings,8,1,1,1,7,21,15,2023Q2,7,7,1,7,3.5
All Other Markets Combined,7106,I.Q. Electric,5,1,1,1,1,0,0,2023Q2,1,1,1,1,
"Dallas-Fort Worth, TX-OK",7107,Old 75 Beer Garden,1,2,2,1,22,49,-99,2023Q2,58,150,0.3867,22,0.2857
"Salt Lake City-Provo-Orem, UT",7109,Doordash DashMart - West Jordan,16,1,1,1,7,32,21,2023Q2,9,12,0.75,7,3.1667
All Other Markets Combined,7113,SeaQualizer,4,1,1,1,10,32,23,2023Q2,10,10,1,10,2.6667
All Other Markets Combined,7115,Great Lakes Production Support / A M Industries,3,1,1,1,17,27,4,2023Q2,20,24,0.8333,17,1.25
All Other Markets Combined,7118,"Town of Forest Heights, Maryland",4,5,5,1,4,133,21,2023Q2,19,117,0.1624,4,0.6667
All Other Markets Combined,7119,SHINKO HIBACHI & BOBA,5,1,1,1,8,7,0,2023Q2,8,8,1,8,2.1429
All Other Markets Combined,7124,FreshLyfe Cafe & Catering,6,1,1,1,3,3,1,2023Q2,3,3,1,3,3.5
"Dallas-Fort Worth, TX-OK",7126,Reliable Installs LLC ,3,2,2,1,1,11,9,2023Q2,2,4,0.5,1,
All Other Markets Combined,7144,"S&S Production Services, LLC",1,1,1,1,2,59,58,2023Q2,2,2,1,2,23
"Salt Lake City-Provo-Orem, UT",7149,Monster Bounce,7,10,2,0.2,10,263,-400,2023Q2,64,673,0.0951,10,2.1111
All Other Markets Combined,7161,"Limar USA, LLC",7,5,5,1,4,8,-37,2023Q2,12,50,0.24,4,0.6667
All Other Markets Combined,7162,Clinical Resource Support Associates,9,2,2,1,1,0,-2,2023Q2,2,4,0.5,1,
"Salt Lake City-Provo-Orem, UT",7164,Errand,2,4,4,1,2,3,-12,2023Q2,5,19,0.2632,2,21
All Other Markets Combined,7166,Landshark Bar & Grill,2,1,1,1,7,11,4,2023Q2,7,8,0.875,7,4
"Dallas-Fort Worth, TX-OK",7167,Integrity Branding,2,3,2,0.6667,2,1,-3,2023Q2,3,7,0.4286,2,1
"Las Vegas-Henderson, NV",7168,TSNET,1,2,2,1,13,26,-10,2023Q2,21,38,0.5526,13,2.25
All Other Markets Combined,7173,Farmer Development,5,1,1,1,7,13,7,2023Q2,7,7,1,7,3.5
"Dallas-Fort Worth, TX-OK",7174,Guaranteed Hydromulch LLC ,5,2,2,1,8,7,-2,2023Q2,9,11,0.8182,8,1.1429
"Dallas-Fort Worth, TX-OK",7176,Medina Imports,2,2,2,1,3,7,-5,2023Q2,7,14,0.5,3,5.5
All Other Markets Combined,7185,"Inner Arbor Trust, Inc. (Merriweather Park at Symphony Woods)",30,10,9,0.9,5,35,-183,2023Q2,26,228,0.114,5,6.5
All Other Markets Combined,7193,"Arizona Environments, Inc",3,2,2,1,4,14,0,2023Q2,8,16,0.5,4,5.6667
All Other Markets Combined,7196,"Paideia Academies, Inc.",32,2,2,1,1,11,9,2023Q2,2,4,0.5,1,
All Other Markets Combined,7217,Clean Bee Cleaning Solutions ,1,4,4,1,2,2,-11,2023Q2,5,17,0.2941,2,7
All Other Markets Combined,7225,A Sharper Palate Catering and Events,8,2,3,1.5,6,12,-5,2023Q2,11,19,0.5789,6,4.6
"Salt Lake City-Provo-Orem, UT",7229,Pestie,1,2,2,1,16,196,-129,2023Q2,69,327,0.211,16,1.8
All Other Markets Combined,7235,"Edible Arrangements (Flower Mound, Texas)",1,4,4,1,17,32,-92,2023Q2,40,128,0.3125,17,0
"Salt Lake City-Provo-Orem, UT",7238,"Edible Arrangements (Farmington, Utah)",3,3,3,1,3,10,-23,2023Q2,12,36,0.3333,3,1
All Other Markets Combined,7240,magicbydavid Inflatables,9,1,1,1,2,2,1,2023Q2,2,2,1,2,7
"Salt Lake City-Provo-Orem, UT",7243,Goldcrest Homes,7,4,4,1,2,3,-21,2023Q2,8,28,0.2857,2,1
"Dallas-Fort Worth, TX-OK",7244,Surface2Surface North Texas,1,3,3,1,1,0,-6,2023Q2,3,9,0.3333,1,
"Dallas-Fort Worth, TX-OK",7246,Top 2 Bottom Cleaning Services ,2,3,4,1.3333,2,2,-11,2023Q2,6,16,0.375,2,22
"Salt Lake City-Provo-Orem, UT",7249,Mountain Bloom,1,4,4,1,13,67,-420,2023Q2,66,491,0.1344,13,2
"Dallas-Fort Worth, TX-OK",7251,Edible Arrangements - Store#165,3,1,2,2,4,6,-8,2023Q2,9,15,0.6,4,1.3333
"Salt Lake City-Provo-Orem, UT",7252,Artec Industries,6,1,2,2,11,53,2,2023Q2,24,52,0.4615,11,1.5
All Other Markets Combined,7255,"Edible Arrangements (Marietta, Ga)",4,5,1,0.2,6,7,2,2023Q2,6,10,0.6,6,1.2
All Other Markets Combined,7257,Samaritan Cafe ,6,1,1,1,1,2,2,2023Q2,1,1,1,1,
"Salt Lake City-Provo-Orem, UT",7259,Thornton Plastics,4,1,1,1,2,1,0,2023Q2,2,2,1,2,2
All Other Markets Combined,7275,salmon group inc.,4,2,2,1,9,16,-16,2023Q2,16,34,0.4706,9,1.125
"Dallas-Fort Worth, TX-OK",7276,American Adventure Insurance,6,1,1,1,3,9,7,2023Q2,3,3,1,3,1
"Salt Lake City-Provo-Orem, UT",7280,Sensorium Labs,3,1,1,1,1,0,0,2023Q2,1,1,1,1,
All Other Markets Combined,7284,Raleigh Windows and Doors ,3,1,1,1,1,2,2,2023Q2,1,1,1,1,
All Other Markets Combined,7285,Cre8tive Maintenance LLC,5,1,1,1,1,0,0,2023Q2,1,1,1,1,
All Other Markets Combined,7300,Village Bakehouse,1,1,1,1,16,27,10,2023Q2,18,18,1,16,1.3333
All Other Markets Combined,7306,Emerald City Catering,11,1,1,1,4,11,2,2023Q2,5,10,0.5,4,2
All Other Markets Combined,7307,OVM with AnnieMac Home Mortgage,1,4,4,1,2,2,-12,2023Q2,5,18,0.2778,2,0
"Salt Lake City-Provo-Orem, UT",7314,ShipHero Salt Lake,1,1,1,1,5,16,-5,2023Q2,9,22,0.4091,5,2.75
All Other Markets Combined,7324,Omar's Carriage House,23,7,5,0.7143,1,0,-28,2023Q2,5,35,0.1429,1,
All Other Markets Combined,7325,Leave it to Meeka,2,1,1,1,1,0,0,2023Q2,1,1,1,1,
All Other Markets Combined,7334,Itradeclothing LLC,7,2,1,0.5,2,1,0,2023Q2,2,3,0.6667,2,1
All Other Markets Combined,7336,"Consurco, Inc.",7,1,1,1,13,421,334,2023Q2,26,88,0.2955,13,2.3333
All Other Markets Combined,7338,Nashscapes,6,2,2,1,1,18,16,2023Q2,2,4,0.5,1,
All Other Markets Combined,7339,Edible Arrangements Roswell,2,1,1,1,2,1,0,2023Q2,2,2,1,2,0
"Salt Lake City-Provo-Orem, UT",7348,Systemic Formulas,5,2,2,1,4,58,53,2023Q2,5,7,0.7143,4,7
All Other Markets Combined,7350,Pineapple Contracts,1,4,5,1.25,3,46,9,2023Q2,11,41,0.2683,3,14
"Salt Lake City-Provo-Orem, UT",7352,Auburn Pharmaceutical Salt Lake,18,7,6,0.8571,22,569,-11,2023Q2,104,587,0.1772,22,1.381
All Other Markets Combined,7360,Westwood Country Club ,12,1,2,2,14,16,-3,2023Q2,20,20,1,14,1.9231
"Salt Lake City-Provo-Orem, UT",7363,Shell Roni Catering,19,1,1,1,1,8,8,2023Q2,1,1,1,1,
"Salt Lake City-Provo-Orem, UT",7366,Earth Harbor Naturals,4,2,4,2,13,338,238,2023Q2,39,102,0.3824,13,1.8333
All Other Markets Combined,7368,Palate Catering ,3,2,2,1,2,3,-11,2023Q2,6,16,0.375,2,5
All Other Markets Combined,7376,Trinity Occasions LLC,4,2,1,0.5,1,0,0,2023Q2,1,2,0.5,1,
"Salt Lake City-Provo-Orem, UT",7377,Ogden Eccles Conference Center,8,6,6,1,2,31,-3,2023Q2,8,40,0.2,2,3
All Other Markets Combined,7378,Prop Moving Co.,3,3,5,1.6667,14,115,17,2023Q2,30,101,0.297,14,2
All Other Markets Combined,7381,Staff2U,5,10,1,0.1,3,15,-14,2023Q2,4,39,0.1026,3,0
All Other Markets Combined,7384,Been there done that improvements ,2,2,1,0.5,11,63,37,2023Q2,15,28,0.5357,11,2.7
All Other Markets Combined,7387,IFL MIA LLC,1,1,1,1,4,3,0,2023Q2,4,4,1,4,2
All Other Markets Combined,7388,Blue Kangaroo Packoutz of Central Georgia,9,3,1,0.3333,3,160,150,2023Q2,6,13,0.4615,3,2
"Salt Lake City-Provo-Orem, UT",7394,Performance Insulation,2,2,3,1.5,7,49,32,2023Q2,12,19,0.6316,7,2.1667
All Other Markets Combined,7399,Redline Services LLC,2,8,4,0.5,1,74,50,2023Q2,4,32,0.125,1,
All Other Markets Combined,7401,Huskey's Kitchen,7,2,1,0.5,29,219,121,2023Q2,46,100,0.46,29,0.7143
All Other Markets Combined,7402,Lone Eagle Investing LLC,3,2,3,1.5,7,13,-15,2023Q2,13,30,0.4333,7,1
All Other Markets Combined,7408,JB Design & Remodeling,5,2,3,1.5,5,46,38,2023Q2,7,10,0.7,5,6.75
All Other Markets Combined,7411,Nadeau Furniture - Miami,13,3,2,0.6667,3,76,65,2023Q2,6,14,0.4286,3,13.5
All Other Markets Combined,7413,B.A.C.H Land Development,6,1,1,1,4,10,-1,2023Q2,6,12,0.5,4,1
All Other Markets Combined,7417,Hormann LLC,5,2,2,1,21,254,182,2023Q2,37,74,0.5,21,1.45
All Other Markets Combined,7419,"Headlee Roofing Co., Inc.",5,3,3,1,17,42,-56,2023Q2,37,101,0.3663,17,1.6875
All Other Markets Combined,7420,1-800 Water Damage of Pearland and League city,0,1,1,1,2,1,0,2023Q2,2,2,1,2,2
All Other Markets Combined,7421,TSI Installations,3,2,2,1,1,0,-2,2023Q2,2,4,0.5,1,
All Other Markets Combined,7423,WBN Home Improvement Specialists,4,2,1,0.5,4,4,0,2023Q2,4,6,0.6667,4,1
All Other Markets Combined,7446,Green Roof Solutions,1,2,3,1.5,5,11,-30,2023Q2,16,43,0.3721,5,1.75
"Salt Lake City-Provo-Orem, UT",7455,Magnum Bikes,8,3,3,1,4,3,-6,2023Q2,6,12,0.5,4,4.3333
"Salt Lake City-Provo-Orem, UT",7456,Lakeshore Plastics,22,1,1,1,4,14,11,2023Q2,4,4,1,4,1
All Other Markets Combined,7458,B&B Quality Building Restoration,2,1,1,1,1,0,0,2023Q2,1,1,1,1,
All Other Markets Combined,7461,Lazy Oaf Lounge,4,1,1,1,1,0,0,2023Q2,1,1,1,1,
All Other Markets Combined,7469,Northern Stampings Inc,9,2,2,1,6,82,74,2023Q2,8,10,0.8,6,2.6
All Other Markets Combined,7470,Auburn,3,6,6,1,19,223,-65,2023Q2,64,294,0.2177,19,1.6111
"Dallas-Fort Worth, TX-OK",7475,Tasty Paella,1,1,1,1,1,0,0,2023Q2,1,1,1,1,
"Dallas-Fort Worth, TX-OK",7478,KHYI,7,8,12,1.5,3,11,-182,2023Q2,30,201,0.1493,3,0.5
"Las Vegas-Henderson, NV",7483,"Battle Born Burgers, LLC",19,2,3,1.5,11,70,13,2023Q2,24,59,0.4068,11,2.5
"Dallas-Fort Worth, TX-OK",7499,Pampered Pooch Events,11,3,4,1.3333,1,1,-8,2023Q2,4,12,0.3333,1,
"Salt Lake City-Provo-Orem, UT",7510,Limitless Fulfillment,5,1,1,1,4,3,0,2023Q2,4,4,1,4,3.3333
"Dallas-Fort Worth, TX-OK",7511,Greedys Burgers LLC ,2,1,1,1,6,8,3,2023Q2,6,6,1,6,5.6
All Other Markets Combined,7515,Pet Supplies Plus Telfair Sugar Land,3,1,1,1,1,2,2,2023Q2,1,1,1,1,
All Other Markets Combined,7516,Stay Golden,10,1,1,1,1,7,7,2023Q2,1,1,1,1,
All Other Markets Combined,7519,Millennial Eatz LLC.,2,2,2,1,1,4,2,2023Q2,2,4,0.5,1,
All Other Markets Combined,7531,Jamillahs Decor ,4,3,2,0.6667,1,0,-3,2023Q2,2,6,0.3333,1,
"Salt Lake City-Provo-Orem, UT",7544,Egyptian Theatre,20,4,3,0.75,1,0,-8,2023Q2,3,12,0.25,1,
All Other Markets Combined,7553,Twin Lakes Golf Club,1,1,1,1,2,19,17,2023Q2,2,3,0.6667,2,0
"Las Vegas-Henderson, NV",7555,Gone Junkin vegas,6,4,4,1,1,3,-9,2023Q2,4,16,0.25,1,
"Salt Lake City-Provo-Orem, UT",7559,Anodizing & Metal Coatings,1,1,1,1,3,3,1,2023Q2,3,3,1,3,2
All Other Markets Combined,7562,Thorne Electric,5,1,1,1,5,9,5,2023Q2,5,5,1,5,1
"Salt Lake City-Provo-Orem, UT",7572,This Is The Place Heritage Park,6,1,1,1,2,1,0,2023Q2,2,2,1,2,0
All Other Markets Combined,7579,Hormann Innovative Door Systems,5,2,3,1.5,4,48,32,2023Q2,9,18,0.5,4,8.6667
"Dallas-Fort Worth, TX-OK",7582,Cimarron Court,1,1,1,1,2,2,1,2023Q2,2,2,1,2,3
"Dallas-Fort Worth, TX-OK",7589,Tote Sytems International,19,4,4,1,3,8,-36,2023Q2,12,48,0.25,3,1
"Salt Lake City-Provo-Orem, UT",7596,Hulk Movers and Cleaning Services,1,1,1,1,2,2,1,2023Q2,2,2,1,2,0
All Other Markets Combined,7619,Quantum Business & Entertainment Services,7,2,3,1.5,4,6,-12,2023Q2,10,20,0.5,4,2.3333
All Other Markets Combined,7621,PrettyBarb Collection,1,1,1,1,1,0,0,2023Q2,1,1,1,1,
All Other Markets Combined,7629,The Dima Group electric Automation and design,8,2,2,1,1,0,-2,2023Q2,2,4,0.5,1,
All Other Markets Combined,7630,CJI PIPING AND FABRICATION ,1,4,3,0.75,7,22,-52,2023Q2,20,78,0.2564,7,2.3333
All Other Markets Combined,7633,Grupo Eulen,6,3,1,0.3333,1,0,0,2023Q2,1,3,0.3333,1,
"Dallas-Fort Worth, TX-OK",7644,AmericanMHH,1,1,1,1,2,1,0,2023Q2,2,2,1,2,3
All Other Markets Combined,7647,"Pro Landscape Solutions, LLC",3,4,2,0.5,13,48,-40,2023Q2,23,92,0.25,13,1.5
"Dallas-Fort Worth, TX-OK",7648,Dalworth Restoration,3,1,1,1,1,0,0,2023Q2,1,1,1,1,
All Other Markets Combined,7661,Clark Professional Cleaning,3,3,2,0.6667,4,16,3,2023Q2,7,16,0.4375,4,9.3333
"Salt Lake City-Provo-Orem, UT",7676,Fantastic Face Painting,5,1,1,1,1,0,0,2023Q2,1,1,1,1,
"Salt Lake City-Provo-Orem, UT",7682,Omni Logistics Salt Lake,7,1,1,1,7,10,-2,2023Q2,9,13,0.6923,7,2
"Dallas-Fort Worth, TX-OK",7686,Navetta Design,1,2,3,1.5,1,0,-4,2023Q2,3,6,0.5,1,
All Other Markets Combined,7688,Patio Plus,1,3,2,0.6667,6,13,-29,2023Q2,15,45,0.3333,6,2
All Other Markets Combined,7694,Breakthru Beverage,5,5,3,0.6,15,82,-58,2023Q2,43,145,0.2966,15,2.0714
All Other Markets Combined,7698,OXFORD CLEANERS,1,5,3,0.6,2,14,-8,2023Q2,6,27,0.2222,2,4
All Other Markets Combined,7700,MLL Schoenherr Inc,4,2,3,1.5,25,60,-43,2023Q2,44,105,0.419,25,1.2083
All Other Markets Combined,7704,Team Packaging Company,2,2,2,1,2,2,-2,2023Q2,3,6,0.5,2,1
All Other Markets Combined,7723,Maven Engineering Corporation,4,3,4,1.3333,2,2,-13,2023Q2,7,18,0.3889,2,1
"Dallas-Fort Worth, TX-OK",7727,Restoration 1 ,1,3,3,1,16,104,-72,2023Q2,52,179,0.2905,16,1.7333
"Dallas-Fort Worth, TX-OK",7729,Evergreen Paper Recycling,1,2,2,1,3,5,-8,2023Q2,6,15,0.4,3,1
"Las Vegas-Henderson, NV",7739,You've Got Maids Henderson,2,1,1,1,1,0,0,2023Q2,1,1,1,1,
